source_url,source_title,response_code,backlinks_num,domains_num,last_seen,external_num,internal_num
https://beautifulblindsandshades.com/,,301,132,66,1785905934,0,0
http://beautifulblindsandshades.com/,,301,36,26,1785951640,0,0
https://www.beautifulblindsandshades.com/service-area/angola-indiana,Not Found,404,15,3,1779053190,0,0
https://www.beautifulblindsandshades.com/service-area/bluffton-indiana,Not Found,404,36,3,1765653475,0,0
https://www.beautifulblindsandshades.com/service-area/grabill-indiana,Not Found,404,28,3,1780881694,0,0
https://www.beautifulblindsandshades.com/service-area/harlan-indiana,Not Found,404,10,3,1764942560,0,0
https://www.beautifulblindsandshades.com/service-area/leo-cedarville-indiana,Not Found,404,59,3,1777847257,0,0
https://www.beautifulblindsandshades.com/service-area/monroeville-indiana,Not Found,404,25,3,1766819331,0,0
https://www.beautifulblindsandshades.com/service-area/woodburn-indiana,Not Found,404,36,3,1765837018,0,0
http://www.beautifulblindsandshades.com/,,301,2,2,1788979566,0,0
https://www.beautifulblindsandshades.com/service-area/auburn-indiana,Not Found,404,26,2,1764961534,0,0
https://www.beautifulblindsandshades.com/service-area/columbia-city-indiana,Not Found,404,28,2,1764953018,0,0
https://www.beautifulblindsandshades.com/service-area/fort-wayne,Not Found,404,27,2,1765003273,0,0
https://www.beautifulblindsandshades.com/service-area/hicksville-indiana,Not Found,404,26,2,1765614541,0,0
https://www.beautifulblindsandshades.com/service-area/hoagland-indian,Not Found,404,27,2,1766733841,0,0
https://www.beautifulblindsandshades.com/service-area/kendallville-indian,Not Found,404,26,2,1764963914,0,0
https://www.beautifulblindsandshades.com/service-area/new-haven,Not Found,404,27,2,1773680332,0,0
https://www.beautifulblindsandshades.com/service-area/syracuse-indiana,Not Found,404,26,2,1765042603,0,0
https://www.beautifulblindsandshades.com/service-area/warsaw,Not Found,404,27,2,1773605645,0,0
https://www.beautifulblindsandshades.com/,"Custom Blinds, Shades & Shutters Fort Wayne | Free Quotes",200,3,1,1788979566,4,55
https://www.beautifulblindsandshades.com/blog-post/fort-wayne-window-treatments-guide,fort-wayne-window-treatments-guide,200,1,1,1776902407,2,31
https://www.beautifulblindsandshades.com/contact-us,Not Found,404,1,1,1778697132,0,0
https://www.beautifulblindsandshades.com/service-area/col,Not Found,404,28,1,1765005216,0,0
https://www.beautifulblindsandshades.com/service-area/fort-wayne-indiana,Not Found,404,1,1,1787631661,0,0
https://www.beautifulblindsandshades.com/service-area/leo-cedarville,Not Found,404,52,1,1773603804,0,0
https://www.beautifulblindsandshades.com/service-area/monroeville-indian,Not Found,404,27,1,1765017615,0,0
https://www.beautifulblindsandshades.com/services/window-treatments,Window Treatments Fort Wayne | Custom Blinds & Shades | Beautiful Blinds,200,1,1,1788773147,2,36
https://www.beautifulblindsandshades.com/shades/cellular-shadesmake,Not Found,404,2,1,1789751184,0,0
http://beautifulblindsandshades.com/ROUYZ/,,200,0,0,1554060829,1,0
https://www.beautifulblindsandshades.com/about,,404,0,0,1755415163,0,0
https://www.beautifulblindsandshades.com/about-beautiful-blinds-and-shades,About Beautiful Blinds & Shades | Fort Wayne Window Treatments,200,0,0,1786878523,3,33
https://www.beautifulblindsandshades.com/beautiful-blinds-shades-service-areas/blinds-and-shades-fort-wayne-indiana,"Custom Window Treatments Fort Wayne, Indiana",200,0,0,1786524879,2,31
https://www.beautifulblindsandshades.com/beautiful-blinds-shades-service-areas/custom-window-treatments-harlan-indiana,"Custom Window Treatments Harlan, Indiana",200,0,0,1786999313,2,31
https://www.beautifulblindsandshades.com/beautiful-blinds-shades-service-areas/custom-window-treatments-in-huntertown-indiana,"Custom Window Treatments In Huntertown, Indiana",200,0,0,1787205040,2,31
https://www.beautifulblindsandshades.com/beautiful-blinds-shades-service-areas/window-treatment-columbia-city-indiana,"Custom Window Treatments In Columbia City, Indiana",200,0,0,1790198463,2,31
https://www.beautifulblindsandshades.com/beautiful-blinds-shades-service-areas/window-treatments-angola-indiana,"Custom Window Treatments In Angola, Indiana",200,0,0,1788552622,2,31
https://www.beautifulblindsandshades.com/beautiful-blinds-shades-service-areas/window-treatments-auburn-indiana,"Custom Window Treatments In Auburn, Indiana",200,0,0,1787495316,2,31
https://www.beautifulblindsandshades.com/beautiful-blinds-shades-service-areas/window-treatments-bluffton-indiana,"Custom Window Treatments In Bluffton, Indiana",200,0,0,1790239487,2,31
https://www.beautifulblindsandshades.com/beautiful-blinds-shades-service-areas/window-treatments-grabill-indiana,"Custom Window Treatments In Grabill, Indiana",200,0,0,1787163538,2,31
https://www.beautifulblindsandshades.com/beautiful-blinds-shades-service-areas/window-treatments-hicksville-indiana,"Custom Window Treatments in Hicksville, Indiana",200,0,0,1783648099,2,31
https://www.beautifulblindsandshades.com/beautiful-blinds-shades-service-areas/window-treatments-hoagland-indiana,"Custom Window Treatments In Hoagland, Indiana",200,0,0,1786246662,2,31
https://www.beautifulblindsandshades.com/beautiful-blinds-shades-service-areas/window-treatments-in-kendallville-indiana,"Custom Window Treatments In Kendallville, Indiana",200,0,0,1776419445,2,31
https://www.beautifulblindsandshades.com/beautiful-blinds-shades-service-areas/window-treatments-leo-cedarville-indiana,"Custom Window Treatments In Leo-Cedarville, Indiana",200,0,0,1781593508,2,31
https://www.beautifulblindsandshades.com/beautiful-blinds-shades-service-areas/window-treatments-monroeville-indiana,"Custom Window Treatments In Monroeville, Indiana",200,0,0,1787939976,2,31
https://www.beautifulblindsandshades.com/beautiful-blinds-shades-service-areas/window-treatments-new-haven-indiana,"Custom Window Treatments In New Haven, Indiana",200,0,0,1783710903,2,31
https://www.beautifulblindsandshades.com/beautiful-blinds-shades-service-areas/window-treatments-syracuse-indiana,"Custom Window Treatments In Syracuse, Indiana",200,0,0,1775841543,2,31
https://www.beautifulblindsandshades.com/beautiful-blinds-shades-service-areas/window-treatments-warsaw-indiana,"Custom Window Treatments in Warsaw, Indiana",200,0,0,1787846452,2,31
https://www.beautifulblindsandshades.com/beautiful-blinds-shades-service-areas/window-treatments-woodburn-indiana,"Custom Window Treatments In Woodburn, Indiana",200,0,0,1789357523,2,31
https://www.beautifulblindsandshades.com/blinds,Not Found,404,0,0,1765317788,0,0
https://www.beautifulblindsandshades.com/blinds/mini-blinds,Not Found,404,0,0,1765359884,0,0
https://www.beautifulblindsandshades.com/blinds/panel-track-blinds,Not Found,404,0,0,1764956644,0,0
https://www.beautifulblindsandshades.com/blinds/venetian-blinds,Not Found,404,0,0,1764941161,0,0
https://www.beautifulblindsandshades.com/blinds/vertical-blinds,Not Found,404,0,0,1766792338,0,0
https://www.beautifulblindsandshades.com/blog-post/5-ways-custom-blinds-and-shades-can-transform-your-fort-wayne-home,5-ways-custom-blinds-and-shades-can-transform-your-fort-wayne-home,200,0,0,1787220359,2,31
https://www.beautifulblindsandshades.com/blog-post/best-window-blinds-new-construction-homes-huntertown-indiana,best-window-blinds-new-construction-homes-huntertown-indiana,200,0,0,1778452056,2,38
https://www.beautifulblindsandshades.com/blog-post/blackout-window-treatments-bluffton-homes,blackout-window-treatments-bluffton-homes,200,0,0,1788446648,2,42
https://www.beautifulblindsandshades.com/blog-post/cellular-shades-fort-wayne-energy-savings,cellular-shades-fort-wayne-energy-savings,200,0,0,1786725885,2,32
https://www.beautifulblindsandshades.com/blog-post/custom-roller-shades-fort-wayne-open-concept-homes,custom-roller-shades-fort-wayne-open-concept-homes,200,0,0,1787986448,2,34
https://www.beautifulblindsandshades.com/blog-post/energy-efficient-blinds-leo-cedarville-indiana-homes,energy-efficient-blinds-leo-cedarville-indiana-homes,200,0,0,1789275288,2,35
https://www.beautifulblindsandshades.com/blog-post/motorized-blinds-and-shades-in-fort-wayne,motorized-blinds-and-shades-in-fort-wayne,200,0,0,1784709748,2,31
https://www.beautifulblindsandshades.com/blog-post/motorized-zebra-shades-fort-wayne-light-control,motorized-zebra-shades-fort-wayne-light-control,200,0,0,1787576784,2,33
https://www.beautifulblindsandshades.com/blog-post/outdoor-patio-shades-guild-fort-wayne,outdoor-patio-shades-guild-fort-wayne,200,0,0,1788006011,2,31
https://www.beautifulblindsandshades.com/blog-post/plantation-shutters-for-columbia-city-homes,plantation-shutters-for-columbia-city-homes,200,0,0,1786555731,2,47
https://www.beautifulblindsandshades.com/blog-post/save-energy-window-treatments-fort-wayne,save-energy-window-treatments-fort-wayne,200,0,0,1790151188,2,31
https://www.beautifulblindsandshades.com/blogs,"Blinds & Shades Blog | Tips & Ideas | Fort Wayne, IN",200,0,0,1787592389,2,45
https://www.beautifulblindsandshades.com/contact,Contact Us | Beautiful Blinds & Shades | Fort Wayne IN,200,0,0,1779546967,2,31
https://www.beautifulblindsandshades.com/contact-ghl,Contact [GHL],200,0,0,1780121126,0,0
https://www.beautifulblindsandshades.com/custom-blinds-fort-wayne-indiana/custom-mini-blinds-in-fort-wayne-indiana,Mini Blinds | Beautiful Blinds & Shades Fort Wayne,200,0,0,1789326651,2,33
https://www.beautifulblindsandshades.com/custom-blinds-fort-wayne-indiana/custom-panel-track-blinds-fort-wayne-indiana,Panel Track Blinds | Beautiful Blinds & Shades Fort Wayne,200,0,0,1786260362,2,33
https://www.beautifulblindsandshades.com/custom-blinds-fort-wayne-indiana/custom-venetian-blinds-in-fort-wayne-indiana,Venetian Blinds | Beautiful Blinds & Shades Fort Wayne,200,0,0,1788480349,2,33
https://www.beautifulblindsandshades.com/custom-blinds-fort-wayne-indiana/custom-vertical-blinds-fort-wayne-indiana,Vertical Blinds | Beautiful Blinds & Shades Fort Wayne,200,0,0,1788372654,2,33
https://www.beautifulblindsandshades.com/custom-interior-plantation-shutters-fort-wayne-indiana/custom-composite-plantation-shutters-in-fort-wayne-indiana,Composite Plantation Shutters | Beautiful Blinds & Shades Fort Wayne,200,0,0,1787681381,2,32
https://www.beautifulblindsandshades.com/custom-interior-plantation-shutters-fort-wayne-indiana/custom-wood-plantation-shutters-in-fort-wayne-indiana,Wood Plantation Shutters | Beautiful Blinds & Shades Fort Wayne,200,0,0,1789114367,2,32
https://www.beautifulblindsandshades.com/custom-shades-fort-wayne-indiana/cellular-shades-fort-wayne-indiana,Cellular Shades | Beautiful Blinds and Shades Fort Wayne,200,0,0,1788255382,2,33
https://www.beautifulblindsandshades.com/custom-shades-fort-wayne-indiana/custom-roller-shades-fort-wayne-indiana,Roller Shades | Beautiful Blinds and Shades Fort Wayne,200,0,0,1787549089,2,33
https://www.beautifulblindsandshades.com/custom-shades-fort-wayne-indiana/layered-shades-fort-wayne-indiana,Layered Shades | Beautiful Blinds and Shades Fort Wayne,200,0,0,1787318222,2,33
https://www.beautifulblindsandshades.com/custom-shades-fort-wayne-indiana/natural-shades-fort-wayne-indiana,Natural Shades | Beautiful Blinds and Shades Fort Wayne,200,0,0,1787201801,2,33
https://www.beautifulblindsandshades.com/custom-shades-fort-wayne-indiana/pleated-shades-fort-wayne-indiana,Pleated Shades | Beautiful Blinds and Shades Fort Wayne,200,0,0,1788103746,2,33
https://www.beautifulblindsandshades.com/custom-shades-fort-wayne-indiana/roman-shades-fort-wayne-indiana,Roman Shades | Beautiful Blinds and Shades Fort Wayne,200,0,0,1788196741,2,33
https://www.beautifulblindsandshades.com/custom-shades-fort-wayne-indiana/solar-shades-fort-wayne-indiana,Solar Shades | Beautiful Blinds and Shades Fort Wayne,200,0,0,1790203834,2,33
https://www.beautifulblindsandshades.com/faqs,,404,0,0,1755439976,0,0
https://www.beautifulblindsandshades.com/interior-shutters,Not Found,404,0,0,1765006515,0,0
https://www.beautifulblindsandshades.com/interior-shutters/composite-plantation-shutters,Not Found,404,0,0,1765383805,0,0
https://www.beautifulblindsandshades.com/interior-shutters/wood-plantation-shutters,Not Found,404,0,0,1764993617,0,0
https://www.beautifulblindsandshades.com/location/beautiful-blinds-and-shades-service-area,Service Areas | Fort Wayne & Allen County | Beautiful Blinds & Shades,200,0,0,1784641284,2,48
https://www.beautifulblindsandshades.com/other-services,,404,0,0,1755459976,0,0
https://www.beautifulblindsandshades.com/outdoor-shades/outdoor-shades,Not Found,404,0,0,1773073476,0,0
https://www.beautifulblindsandshades.com/post/5-ways-custom-blinds-and-shades-can-transform-your-fort-wayne-home-this-fall,Not Found,404,0,0,1764986094,0,0
https://www.beautifulblindsandshades.com/post/beat-the-heat-boost-your-home-s-appeal-why-fort-wayne-homes-need-outdoor-shades,Not Found,404,0,0,1765351355,0,0
https://www.beautifulblindsandshades.com/post/best-window-treatments-for-fort-wayne-s-harsh-winters-why-cellular-shades-are-your-answer,Not Found,404,0,0,1765019153,0,0
https://www.beautifulblindsandshades.com/post/the-fort-wayne-homeowner-s-guide-to-motorized-blinds-smart-home-window-treatments-in-allen-county,Not Found,404,0,0,1764960801,0,0
https://www.beautifulblindsandshades.com/post/transform-your-space-how-window-coverings-can-enhance-your-home-s-energy-efficiency,Not Found,404,0,0,1764976305,0,0
https://www.beautifulblindsandshades.com/post/transform-your-space-with-the-best-window-treatments-in-fort-wayne-in,Not Found,404,0,0,1765345037,0,0
https://www.beautifulblindsandshades.com/privacy-policy,Not Found,404,0,0,1765330576,0,0
https://www.beautifulblindsandshades.com/products,,404,0,0,1755430846,0,0
https://www.beautifulblindsandshades.com/products/blinds,Custom Blinds Fort Wayne | Window Blinds | Beautiful Blinds & Shades,200,0,0,1786893563,2,37
https://www.beautifulblindsandshades.com/products/plantation-shutters,Plantation Shutters Fort Wayne | Custom Shutters | Beautiful Blinds,200,0,0,1786689554,2,35
https://www.beautifulblindsandshades.com/products/shades,Custom Shades Fort Wayne | Window Shades | Beautiful Blinds & Shades,200,0,0,1785121877,2,40
https://www.beautifulblindsandshades.com/service-area,Not Found,404,0,0,1764964198,0,0
https://www.beautifulblindsandshades.com/service-area/hoagland-indiana,Not Found,404,0,0,1764958765,0,0
https://www.beautifulblindsandshades.com/service-area/huntertown-indian,Not Found,404,0,0,1775517675,0,0
https://www.beautifulblindsandshades.com/service-area/huntertown-indiana,Not Found,404,0,0,1765323188,0,0
https://www.beautifulblindsandshades.com/service-area/kendallville-indiana,Not Found,404,0,0,1765105728,0,0
https://www.beautifulblindsandshades.com/service-area/new-haven-indiana,Not Found,404,0,0,1764950835,0,0
https://www.beautifulblindsandshades.com/service-area/warsaw-indiana,Not Found,404,0,0,1765367188,0,0
https://www.beautifulblindsandshades.com/services,Not Found,404,0,0,1764968498,0,0
https://www.beautifulblindsandshades.com/services/blind-&-shade-cleaning,Not Found,404,0,0,1765057077,0,0
https://www.beautifulblindsandshades.com/services/blind-&-shade-repair,Not Found,404,0,0,1764976218,0,0
https://www.beautifulblindsandshades.com/services/blind-and-shade-cleaning,Professional Blind Cleaning Fort Wayne | Beautiful Blinds & Shades,200,0,0,1788560965,2,33
https://www.beautifulblindsandshades.com/services/blind-shade-repair,Blind Repair Fort Wayne | Shade Repair Service | Beautiful Blinds,200,0,0,1786305043,2,33
https://www.beautifulblindsandshades.com/services/outdoor-shades,Outdoor Shades Fort Wayne | Patio & Deck Shades | Beautiful Blinds,200,0,0,1779675629,2,33
https://www.beautifulblindsandshades.com/shades,Not Found,404,0,0,1765017572,0,0
https://www.beautifulblindsandshades.com/shades/cellular-shades,Not Found,404,0,0,1788749631,0,0
https://www.beautifulblindsandshades.com/shades/layered-shades,Not Found,404,0,0,1765335331,0,0
https://www.beautifulblindsandshades.com/shades/natural-shades,Not Found,404,0,0,1764944994,0,0
https://www.beautifulblindsandshades.com/shades/pleated-shades,Not Found,404,0,0,1764961753,0,0
https://www.beautifulblindsandshades.com/shades/roller-shades,Not Found,404,0,0,1765171812,0,0
https://www.beautifulblindsandshades.com/shades/roman-shades,Not Found,404,0,0,1772737057,0,0
https://www.beautifulblindsandshades.com/shades/sheer-shades,Not Found,404,0,0,1764945792,0,0
https://www.beautifulblindsandshades.com/shades/solar-shades,Not Found,404,0,0,1773529037,0,0
https://www.beautifulblindsandshades.com/terms-and-conditions,Not Found,404,0,0,1764980769,0,0
https://www.beautifulblindsandshades.com/window-treatment-blog,Not Found,404,0,0,1769430104,0,0
