url,claim,review
https://www.beautifulblindsandshades.com/,The entire process typically takes 2-3 weeks from consultation to completion.,"Unverified source claim, not an endorsed fact. Confirm with David/product documentation; qualify or remove if unsupported."
https://www.beautifulblindsandshades.com/,Most custom blinds and shades take 2-3 weeks from order to installation.,"Unverified source claim, not an endorsed fact. Confirm with David/product documentation; qualify or remove if unsupported."
https://www.beautifulblindsandshades.com/,"Manufacturing time varies by product type - simple roller shades may be ready in 10-14 days, while specialty wood blinds or motorized treatments can take 3-4 weeks.","Unverified source claim, not an endorsed fact. Confirm with David/product documentation; qualify or remove if unsupported."
https://www.beautifulblindsandshades.com/,Installation itself typically takes 2-4 hours depending on the number of windows.,"Unverified source claim, not an endorsed fact. Confirm with David/product documentation; qualify or remove if unsupported."
https://www.beautifulblindsandshades.com/beautiful-blinds-shades-service-areas/custom-window-treatments-in-huntertown-indiana,Quality window treatments last 10-15 years or more.,"Unverified source claim, not an endorsed fact. Confirm with David/product documentation; qualify or remove if unsupported."
https://www.beautifulblindsandshades.com/beautiful-blinds-shades-service-areas/window-treatments-grabill-indiana,"The return on investment—through energy savings, preservation of furnishings, and enhanced livability—often exceeds the initial cost over the product's lifetime.","Unverified source claim, not an endorsed fact. Confirm with David/product documentation; qualify or remove if unsupported."
https://www.beautifulblindsandshades.com/beautiful-blinds-shades-service-areas/window-treatments-hoagland-indiana,Quality Products We work with manufacturers who build quality products backed by solid warranties.,"Unverified source claim, not an endorsed fact. Confirm with David/product documentation; qualify or remove if unsupported."
https://www.beautifulblindsandshades.com/beautiful-blinds-shades-service-areas/window-treatments-leo-cedarville-indiana,We work with trusted manufacturers who stand behind their products with solid warranties.,"Unverified source claim, not an endorsed fact. Confirm with David/product documentation; qualify or remove if unsupported."
https://www.beautifulblindsandshades.com/beautiful-blinds-shades-service-areas/window-treatments-monroeville-indiana,"They're also lighter than real wood, which means they operate smoothly even on larger windows and last longer because there's less stress on the mechanisms.","Unverified source claim, not an endorsed fact. Confirm with David/product documentation; qualify or remove if unsupported."
https://www.beautifulblindsandshades.com/beautiful-blinds-shades-service-areas/window-treatments-woodburn-indiana,"They're also lighter than real wood, which means they operate smoothly even on larger windows and last longer because there's less stress on the mechanisms.","Unverified source claim, not an endorsed fact. Confirm with David/product documentation; qualify or remove if unsupported."
https://www.beautifulblindsandshades.com/blog-post/5-ways-custom-blinds-and-shades-can-transform-your-fort-wayne-home,"Cellular shades, also known as honeycomb shades, create insulating air pockets that can reduce heat loss by up to 20%.","Unverified source claim, not an endorsed fact. Confirm with David/product documentation; qualify or remove if unsupported."
https://www.beautifulblindsandshades.com/blog-post/best-window-blinds-new-construction-homes-huntertown-indiana,"Professional measurement ensures: Perfect fit for every window, including custom sizes Consistent mounting throughout your home Proper operation that won't damage your new window frames Warranty protection that DIY installation might void At Beautiful Blinds and Shades, we provide free in-home consultations where we measure every window and help you visualize different options in your actual space.","Unverified source claim, not an endorsed fact. Confirm with David/product documentation; qualify or remove if unsupported."
https://www.beautifulblindsandshades.com/blog-post/blackout-window-treatments-bluffton-homes,"Blackout ""Room darkening"" shades reduce light transmission substantially—typically 95-98%.","Unverified source claim, not an endorsed fact. Confirm with David/product documentation; qualify or remove if unsupported."
https://www.beautifulblindsandshades.com/blog-post/blackout-window-treatments-bluffton-homes,"However, that remaining 2-5% light transmission, combined with light gaps around the shade edges, means your bedroom at 6 AM on a June morning still shows visible daylight.","Unverified source claim, not an endorsed fact. Confirm with David/product documentation; qualify or remove if unsupported."
https://www.beautifulblindsandshades.com/blog-post/blackout-window-treatments-bluffton-homes,Lifetime Support We stand behind our installations and maintain relationships with Bluffton homeowners long after installation day.,"Unverified source claim, not an endorsed fact. Confirm with David/product documentation; qualify or remove if unsupported."
https://www.beautifulblindsandshades.com/blog-post/blackout-window-treatments-bluffton-homes,Many homeowners report 10-15% reductions in seasonal heating and cooling costs after installing quality blackout treatments.,"Unverified source claim, not an endorsed fact. Confirm with David/product documentation; qualify or remove if unsupported."
https://www.beautifulblindsandshades.com/blog-post/cellular-shades-fort-wayne-energy-savings,Research shows that up to 30% of your home's heating energy can escape directly through window glass.,"Unverified source claim, not an endorsed fact. Confirm with David/product documentation; qualify or remove if unsupported."
https://www.beautifulblindsandshades.com/blog-post/cellular-shades-fort-wayne-energy-savings,I recently installed double-cell cellular shades for a Grabill family with a large picture window facing north.,"Unverified source claim, not an endorsed fact. Confirm with David/product documentation; qualify or remove if unsupported."
https://www.beautifulblindsandshades.com/blog-post/cellular-shades-fort-wayne-energy-savings,The Department of Energy reports that cellular shades can reduce heat loss through windows by up to 40% depending on style and installation method.,"Unverified source claim, not an endorsed fact. Confirm with David/product documentation; qualify or remove if unsupported."
https://www.beautifulblindsandshades.com/blog-post/cellular-shades-fort-wayne-energy-savings,"In practice with my Fort Wayne customers, I typically hear about heating bills dropping 10-20% after installing cellular shades in main living areas and bedrooms.","Unverified source claim, not an endorsed fact. Confirm with David/product documentation; qualify or remove if unsupported."
https://www.beautifulblindsandshades.com/blog-post/energy-efficient-blinds-leo-cedarville-indiana-homes,They can reduce heat loss through windows by up to 40% in winter.,"Unverified source claim, not an endorsed fact. Confirm with David/product documentation; qualify or remove if unsupported."
https://www.beautifulblindsandshades.com/blog-post/energy-efficient-blinds-leo-cedarville-indiana-homes,"Perfect for: South and west-facing windows that get intense afternoon sun Rooms with TVs or computer screens where glare is a problem Sunrooms and three-season rooms Homeowners who want to maintain their view while controlling heat Solar shades come in different openness factors (1% to 14%), letting you choose how much light and visibility you want.","Unverified source claim, not an endorsed fact. Confirm with David/product documentation; qualify or remove if unsupported."
https://www.beautifulblindsandshades.com/blog-post/fort-wayne-window-treatments-guide,Many Fort Wayne homeowners see reductions of 10-20% in their heating and cooling costs after installing energy-efficient window treatments.,"Unverified source claim, not an endorsed fact. Confirm with David/product documentation; qualify or remove if unsupported."
https://www.beautifulblindsandshades.com/blog-post/fort-wayne-window-treatments-guide,"Expert Guidance Our owner, David Fear, has over 20 years of experience in the window treatment industry and will provide expert recommendations based on your style preferences, functional needs, and budget.","Unverified source claim, not an endorsed fact. Confirm with David/product documentation; qualify or remove if unsupported."
https://www.beautifulblindsandshades.com/blog-post/fort-wayne-window-treatments-guide,Every product we install is built to last and backed by strong manufacturer warranties.,"Unverified source claim, not an endorsed fact. Confirm with David/product documentation; qualify or remove if unsupported."
https://www.beautifulblindsandshades.com/blog-post/fort-wayne-window-treatments-guide,"Energy-efficient cellular shades can reduce heat loss through windows by up to 40%, leading to noticeable savings on heating and cooling costs for Fort Wayne homeowners.","Unverified source claim, not an endorsed fact. Confirm with David/product documentation; qualify or remove if unsupported."
https://www.beautifulblindsandshades.com/blog-post/fort-wayne-window-treatments-guide,Do you offer warranties?,"Unverified source claim, not an endorsed fact. Confirm with David/product documentation; qualify or remove if unsupported."
https://www.beautifulblindsandshades.com/blog-post/fort-wayne-window-treatments-guide,"All our products come with manufacturer warranties, and we stand behind our installation work.","Unverified source claim, not an endorsed fact. Confirm with David/product documentation; qualify or remove if unsupported."
https://www.beautifulblindsandshades.com/blog-post/fort-wayne-window-treatments-guide,We'll explain warranty details during your consultation.,"Unverified source claim, not an endorsed fact. Confirm with David/product documentation; qualify or remove if unsupported."
https://www.beautifulblindsandshades.com/blog-post/motorized-blinds-and-shades-in-fort-wayne,The motors are engineered to last 10+ years with normal use.,"Unverified source claim, not an endorsed fact. Confirm with David/product documentation; qualify or remove if unsupported."
https://www.beautifulblindsandshades.com/blog-post/motorized-blinds-and-shades-in-fort-wayne,"About 90% of ""broken"" motorized shades can be fixed without replacing any components.","Unverified source claim, not an endorsed fact. Confirm with David/product documentation; qualify or remove if unsupported."
https://www.beautifulblindsandshades.com/blog-post/motorized-blinds-and-shades-in-fort-wayne,"Most manufacturers provide solid warranties, and because we install these systems regularly throughout Allen County, we can troubleshoot problems quickly.","Unverified source claim, not an endorsed fact. Confirm with David/product documentation; qualify or remove if unsupported."
https://www.beautifulblindsandshades.com/blog-post/motorized-blinds-and-shades-in-fort-wayne,I recently worked with a tech-savvy Huntertown couple who programmed their shades to close automatically when their security system arms.,"Unverified source claim, not an endorsed fact. Confirm with David/product documentation; qualify or remove if unsupported."
https://www.beautifulblindsandshades.com/blog-post/outdoor-patio-shades-guild-fort-wayne,"Superior UV Protection and Furniture Preservation Outdoor shades act as a crucial barrier against harmful ultraviolet rays, blocking up to 98% of this damaging radiation.","Unverified source claim, not an endorsed fact. Confirm with David/product documentation; qualify or remove if unsupported."
https://www.beautifulblindsandshades.com/blog-post/outdoor-patio-shades-guild-fort-wayne,"Professional Installation: Expert installation ensures proper operation, extends your product's lifespan, and maintains adherence to manufacturer warranties.","Unverified source claim, not an endorsed fact. Confirm with David/product documentation; qualify or remove if unsupported."
https://www.beautifulblindsandshades.com/blog-post/plantation-shutters-for-columbia-city-homes,"During Columbia City's summer months, when temperatures regularly hit the upper 80s and humidity makes everything feel even hotter, properly installed shutters can block up to 45% of solar heat before it enters your home.","Unverified source claim, not an endorsed fact. Confirm with David/product documentation; qualify or remove if unsupported."
https://www.beautifulblindsandshades.com/blog-post/plantation-shutters-for-columbia-city-homes,"Manufacturing typically takes 3-4 weeks—these are built specifically for your windows, not pulled from warehouse inventory.","Unverified source claim, not an endorsed fact. Confirm with David/product documentation; qualify or remove if unsupported."
https://www.beautifulblindsandshades.com/blog-post/plantation-shutters-for-columbia-city-homes,Installation typically takes 2-4 hours depending on how many windows you're outfitting.,"Unverified source claim, not an endorsed fact. Confirm with David/product documentation; qualify or remove if unsupported."
https://www.beautifulblindsandshades.com/blog-post/plantation-shutters-for-columbia-city-homes,"We: Protect your floors and furnishings during installation Mount shutters using appropriate hardware for your window frames and wall construction Adjust each panel for perfect operation Clean up completely before we leave Show you how to operate and maintain your new shutters Lifetime Support Quality shutters rarely need service, but if adjustments or repairs become necessary down the road, we're here.","Unverified source claim, not an endorsed fact. Confirm with David/product documentation; qualify or remove if unsupported."
https://www.beautifulblindsandshades.com/blog-post/plantation-shutters-for-columbia-city-homes,Even quality shades need replacement every 7-10 years.,"Unverified source claim, not an endorsed fact. Confirm with David/product documentation; qualify or remove if unsupported."
https://www.beautifulblindsandshades.com/blog-post/plantation-shutters-for-columbia-city-homes,Windows account for 25-30% of residential heating and cooling costs—they're literally where your money escapes.,"Unverified source claim, not an endorsed fact. Confirm with David/product documentation; qualify or remove if unsupported."
https://www.beautifulblindsandshades.com/blog-post/plantation-shutters-for-columbia-city-homes,"While exact savings vary based on your home's size, insulation, and HVAC efficiency, many Columbia City homeowners report 10-15% reductions in seasonal utility costs after installing shutters throughout their homes.","Unverified source claim, not an endorsed fact. Confirm with David/product documentation; qualify or remove if unsupported."
https://www.beautifulblindsandshades.com/blog-post/plantation-shutters-for-columbia-city-homes,"Consider this: if your annual heating and cooling costs run $2,400 (typical for a 2,000 sq ft home in northeast Indiana), a 12% reduction saves you nearly $300 yearly.","Unverified source claim, not an endorsed fact. Confirm with David/product documentation; qualify or remove if unsupported."
https://www.beautifulblindsandshades.com/blog-post/save-energy-window-treatments-fort-wayne,"According to the Department of Energy, windows can account for up to 30% of residential heating and cooling energy use.","Unverified source claim, not an endorsed fact. Confirm with David/product documentation; qualify or remove if unsupported."
https://www.beautifulblindsandshades.com/blog-post/save-energy-window-treatments-fort-wayne,"Energy Savings: Cellular shades can reduce heat loss through windows by up to 40%, which translates to noticeable reductions in your heating and cooling bills throughout the year.","Unverified source claim, not an endorsed fact. Confirm with David/product documentation; qualify or remove if unsupported."
https://www.beautifulblindsandshades.com/blog-post/save-energy-window-treatments-fort-wayne,"During your free in-home consultation, we'll: Assess your windows and discuss your energy efficiency goals Show you samples in your actual lighting conditions Provide honest recommendations based on your budget Take precise measurements for a perfect fit Give you a clear quote with no hidden costs Calculate Your Potential Savings While exact savings vary based on factors like your home's age, window quality, and current energy usage, many Fort Wayne homeowners report: 10-20% reduction in heating and cooling costs More consistent temperatures throughout their home Reduced noise from outside Better protection for furniture and flooring Increased home value For a typical Fort Wayne home spending $150-200 per month on heating and cooling, a 15% reduction means savings of $20-30 monthly, or $240-360 annually.","Unverified source claim, not an endorsed fact. Confirm with David/product documentation; qualify or remove if unsupported."
https://www.beautifulblindsandshades.com/blog-post/save-energy-window-treatments-fort-wayne,"Over the lifespan of quality window treatments (10-15 years), that adds up to significant savings.","Unverified source claim, not an endorsed fact. Confirm with David/product documentation; qualify or remove if unsupported."
https://www.beautifulblindsandshades.com/custom-blinds-fort-wayne-indiana/custom-mini-blinds-in-fort-wayne-indiana,Durability - Quality mini blinds last 5-10 years with normal use.,"Unverified source claim, not an endorsed fact. Confirm with David/product documentation; qualify or remove if unsupported."
https://www.beautifulblindsandshades.com/custom-blinds-fort-wayne-indiana/custom-mini-blinds-in-fort-wayne-indiana,Low cost makes replacement practical every 5-10 years.,"Unverified source claim, not an endorsed fact. Confirm with David/product documentation; qualify or remove if unsupported."
https://www.beautifulblindsandshades.com/custom-blinds-fort-wayne-indiana/custom-mini-blinds-in-fort-wayne-indiana,Our warranties cover products and installation.,"Unverified source claim, not an endorsed fact. Confirm with David/product documentation; qualify or remove if unsupported."
https://www.beautifulblindsandshades.com/custom-blinds-fort-wayne-indiana/custom-mini-blinds-in-fort-wayne-indiana,Quality mini blinds last 5-10 years with normal use.,"Unverified source claim, not an endorsed fact. Confirm with David/product documentation; qualify or remove if unsupported."
https://www.beautifulblindsandshades.com/custom-blinds-fort-wayne-indiana/custom-panel-track-blinds-fort-wayne-indiana,Better than vertical blind slats but not 100% light blocking even with blackout fabric.,"Unverified source claim, not an endorsed fact. Confirm with David/product documentation; qualify or remove if unsupported."
https://www.beautifulblindsandshades.com/custom-blinds-fort-wayne-indiana/custom-panel-track-blinds-fort-wayne-indiana,Expect 7-12 years before fabric shows significant wear in Hoagland and Syracuse installations.,"Unverified source claim, not an endorsed fact. Confirm with David/product documentation; qualify or remove if unsupported."
https://www.beautifulblindsandshades.com/custom-blinds-fort-wayne-indiana/custom-panel-track-blinds-fort-wayne-indiana,Our warranties cover products and installation.,"Unverified source claim, not an endorsed fact. Confirm with David/product documentation; qualify or remove if unsupported."
https://www.beautifulblindsandshades.com/custom-blinds-fort-wayne-indiana/custom-panel-track-blinds-fort-wayne-indiana,Quality track systems last 10-15+ years.,"Unverified source claim, not an endorsed fact. Confirm with David/product documentation; qualify or remove if unsupported."
https://www.beautifulblindsandshades.com/custom-blinds-fort-wayne-indiana/custom-panel-track-blinds-fort-wayne-indiana,Expect 7-12 years before fabric needs replacement with daily use.,"Unverified source claim, not an endorsed fact. Confirm with David/product documentation; qualify or remove if unsupported."
https://www.beautifulblindsandshades.com/custom-blinds-fort-wayne-indiana/custom-venetian-blinds-in-fort-wayne-indiana,Our warranties cover products and installation.,"Unverified source claim, not an endorsed fact. Confirm with David/product documentation; qualify or remove if unsupported."
https://www.beautifulblindsandshades.com/custom-blinds-fort-wayne-indiana/custom-vertical-blinds-fort-wayne-indiana,Our warranties cover products and installation.,"Unverified source claim, not an endorsed fact. Confirm with David/product documentation; qualify or remove if unsupported."
https://www.beautifulblindsandshades.com/custom-blinds-fort-wayne-indiana/custom-vertical-blinds-fort-wayne-indiana,Expect 10+ years from good vertical blinds.,"Unverified source claim, not an endorsed fact. Confirm with David/product documentation; qualify or remove if unsupported."
https://www.beautifulblindsandshades.com/custom-interior-plantation-shutters-fort-wayne-indiana/custom-composite-plantation-shutters-in-fort-wayne-indiana,"Perfect fit, guaranteed satisfaction.","Unverified source claim, not an endorsed fact. Confirm with David/product documentation; qualify or remove if unsupported."
https://www.beautifulblindsandshades.com/custom-interior-plantation-shutters-fort-wayne-indiana/custom-wood-plantation-shutters-in-fort-wayne-indiana,"Perfect fit, guaranteed satisfaction.","Unverified source claim, not an endorsed fact. Confirm with David/product documentation; qualify or remove if unsupported."
https://www.beautifulblindsandshades.com/custom-shades-fort-wayne-indiana/cellular-shades-fort-wayne-indiana,This reduces heat transfer significantly - up to 40% energy savings on windows according to some studies.,"Unverified source claim, not an endorsed fact. Confirm with David/product documentation; qualify or remove if unsupported."
https://www.beautifulblindsandshades.com/custom-shades-fort-wayne-indiana/cellular-shades-fort-wayne-indiana,"From sheer that filters light gently to blackout that blocks 99%, cellular shades handle whatever you need.","Unverified source claim, not an endorsed fact. Confirm with David/product documentation; qualify or remove if unsupported."
https://www.beautifulblindsandshades.com/custom-shades-fort-wayne-indiana/cellular-shades-fort-wayne-indiana,Blackout cellular shades - Block 99% of light when combined with side tracks.,"Unverified source claim, not an endorsed fact. Confirm with David/product documentation; qualify or remove if unsupported."
https://www.beautifulblindsandshades.com/custom-shades-fort-wayne-indiana/cellular-shades-fort-wayne-indiana,Real numbers from real homeowners: Many report 10-25% reduction in heating and cooling costs for the rooms with cellular shades.,"Unverified source claim, not an endorsed fact. Confirm with David/product documentation; qualify or remove if unsupported."
https://www.beautifulblindsandshades.com/custom-shades-fort-wayne-indiana/cellular-shades-fort-wayne-indiana,Our warranties cover both products and installation.,"Unverified source claim, not an endorsed fact. Confirm with David/product documentation; qualify or remove if unsupported."
https://www.beautifulblindsandshades.com/custom-shades-fort-wayne-indiana/custom-roller-shades-fort-wayne-indiana,"These fabrics block 99% of light, creating the dark environment you need for quality sleep.","Unverified source claim, not an endorsed fact. Confirm with David/product documentation; qualify or remove if unsupported."
https://www.beautifulblindsandshades.com/custom-shades-fort-wayne-indiana/custom-roller-shades-fort-wayne-indiana,Our warranties stand out.,"Unverified source claim, not an endorsed fact. Confirm with David/product documentation; qualify or remove if unsupported."
https://www.beautifulblindsandshades.com/custom-shades-fort-wayne-indiana/custom-roller-shades-fort-wayne-indiana,"Blackout fabrics block 99% of light that passes through them, but small gaps naturally occur where the shade meets your window frame – about three-quarters of an inch on each side for inside-mount installations.","Unverified source claim, not an endorsed fact. Confirm with David/product documentation; qualify or remove if unsupported."
https://www.beautifulblindsandshades.com/custom-shades-fort-wayne-indiana/custom-roller-shades-fort-wayne-indiana,Do you really offer warranties?,"Unverified source claim, not an endorsed fact. Confirm with David/product documentation; qualify or remove if unsupported."
https://www.beautifulblindsandshades.com/custom-shades-fort-wayne-indiana/custom-roller-shades-fort-wayne-indiana,"We absolutely do, and our warranties actually protect you.","Unverified source claim, not an endorsed fact. Confirm with David/product documentation; qualify or remove if unsupported."
https://www.beautifulblindsandshades.com/custom-shades-fort-wayne-indiana/custom-roller-shades-fort-wayne-indiana,"That means honest advice, quality products, professional installation, and warranties that provide genuine protection.","Unverified source claim, not an endorsed fact. Confirm with David/product documentation; qualify or remove if unsupported."
https://www.beautifulblindsandshades.com/custom-shades-fort-wayne-indiana/layered-shades-fort-wayne-indiana,Our warranties cover both products and installation.,"Unverified source claim, not an endorsed fact. Confirm with David/product documentation; qualify or remove if unsupported."
https://www.beautifulblindsandshades.com/custom-shades-fort-wayne-indiana/layered-shades-fort-wayne-indiana,Do they come with warranties?,"Unverified source claim, not an endorsed fact. Confirm with David/product documentation; qualify or remove if unsupported."
https://www.beautifulblindsandshades.com/custom-shades-fort-wayne-indiana/layered-shades-fort-wayne-indiana,"Our layered shades include manufacturer warranties on the product, plus we warranty our installation work.","Unverified source claim, not an endorsed fact. Confirm with David/product documentation; qualify or remove if unsupported."
https://www.beautifulblindsandshades.com/custom-shades-fort-wayne-indiana/natural-shades-fort-wayne-indiana,Our warranties cover products and installation.,"Unverified source claim, not an endorsed fact. Confirm with David/product documentation; qualify or remove if unsupported."
https://www.beautifulblindsandshades.com/custom-shades-fort-wayne-indiana/pleated-shades-fort-wayne-indiana,Our warranties cover products and installation.,"Unverified source claim, not an endorsed fact. Confirm with David/product documentation; qualify or remove if unsupported."
https://www.beautifulblindsandshades.com/custom-shades-fort-wayne-indiana/roman-shades-fort-wayne-indiana,Blocks 99% of light for serious darkness in bedrooms or media rooms.,"Unverified source claim, not an endorsed fact. Confirm with David/product documentation; qualify or remove if unsupported."
https://www.beautifulblindsandshades.com/custom-shades-fort-wayne-indiana/roman-shades-fort-wayne-indiana,Our warranties cover workmanship and products.,"Unverified source claim, not an endorsed fact. Confirm with David/product documentation; qualify or remove if unsupported."
https://www.beautifulblindsandshades.com/custom-shades-fort-wayne-indiana/solar-shades-fort-wayne-indiana,"Block up to 99% of harmful UV rays that fade furniture, flooring, and artwork.","Unverified source claim, not an endorsed fact. Confirm with David/product documentation; qualify or remove if unsupported."
https://www.beautifulblindsandshades.com/custom-shades-fort-wayne-indiana/solar-shades-fort-wayne-indiana,1% openness - Tightest weave.,"Unverified source claim, not an endorsed fact. Confirm with David/product documentation; qualify or remove if unsupported."
https://www.beautifulblindsandshades.com/custom-shades-fort-wayne-indiana/solar-shades-fort-wayne-indiana,Blocks 99% of UV rays and provides maximum heat control.,"Unverified source claim, not an endorsed fact. Confirm with David/product documentation; qualify or remove if unsupported."
https://www.beautifulblindsandshades.com/custom-shades-fort-wayne-indiana/solar-shades-fort-wayne-indiana,3% openness - Most popular choice.,"Unverified source claim, not an endorsed fact. Confirm with David/product documentation; qualify or remove if unsupported."
https://www.beautifulblindsandshades.com/custom-shades-fort-wayne-indiana/solar-shades-fort-wayne-indiana,Blocks 97% of UV rays with good heat control.,"Unverified source claim, not an endorsed fact. Confirm with David/product documentation; qualify or remove if unsupported."
https://www.beautifulblindsandshades.com/custom-shades-fort-wayne-indiana/solar-shades-fort-wayne-indiana,5% openness - Looser weave.,"Unverified source claim, not an endorsed fact. Confirm with David/product documentation; qualify or remove if unsupported."
https://www.beautifulblindsandshades.com/custom-shades-fort-wayne-indiana/solar-shades-fort-wayne-indiana,Blocks 95% of UV rays with the clearest view.,"Unverified source claim, not an endorsed fact. Confirm with David/product documentation; qualify or remove if unsupported."
https://www.beautifulblindsandshades.com/custom-shades-fort-wayne-indiana/solar-shades-fort-wayne-indiana,10% openness - Very open weave.,"Unverified source claim, not an endorsed fact. Confirm with David/product documentation; qualify or remove if unsupported."
https://www.beautifulblindsandshades.com/custom-shades-fort-wayne-indiana/solar-shades-fort-wayne-indiana,Blocks 90% of UV rays.,"Unverified source claim, not an endorsed fact. Confirm with David/product documentation; qualify or remove if unsupported."
https://www.beautifulblindsandshades.com/custom-shades-fort-wayne-indiana/solar-shades-fort-wayne-indiana,Our warranties back both the products and our installation work.,"Unverified source claim, not an endorsed fact. Confirm with David/product documentation; qualify or remove if unsupported."
https://www.beautifulblindsandshades.com/products/blinds,Most custom blinds for windows Fort Wayne IN take 2-3 weeks to manufacture.,"Unverified source claim, not an endorsed fact. Confirm with David/product documentation; qualify or remove if unsupported."
https://www.beautifulblindsandshades.com/products/blinds,"These are the best blinds Fort Wayne can get—custom-made, quality materials, built to last 15+ years.","Unverified source claim, not an endorsed fact. Confirm with David/product documentation; qualify or remove if unsupported."
https://www.beautifulblindsandshades.com/products/blinds,Installation happens 2-3 weeks later (sometimes faster for stock options).,"Unverified source claim, not an endorsed fact. Confirm with David/product documentation; qualify or remove if unsupported."
https://www.beautifulblindsandshades.com/products/plantation-shutters,"Quality plantation shutters can last 20+ years, they increase your property value, and they make every room look more polished and intentional.","Unverified source claim, not an endorsed fact. Confirm with David/product documentation; qualify or remove if unsupported."
https://www.beautifulblindsandshades.com/products/plantation-shutters,"They looked elegant 50 years ago, they look elegant now, and they'll still look elegant 20 years from now.","Unverified source claim, not an endorsed fact. Confirm with David/product documentation; qualify or remove if unsupported."
https://www.beautifulblindsandshades.com/products/plantation-shutters,Manufacturing typically takes 4-6 weeks (good things take time).,"Unverified source claim, not an endorsed fact. Confirm with David/product documentation; qualify or remove if unsupported."
https://www.beautifulblindsandshades.com/products/plantation-shutters,Real Warranties - The plantation shutters we install come with real manufacturer warranties.,"Unverified source claim, not an endorsed fact. Confirm with David/product documentation; qualify or remove if unsupported."
https://www.beautifulblindsandshades.com/products/plantation-shutters,But consider this: quality plantation shutters Fort Wayne Indiana last 20+ years with minimal maintenance.,"Unverified source claim, not an endorsed fact. Confirm with David/product documentation; qualify or remove if unsupported."
https://www.beautifulblindsandshades.com/products/plantation-shutters,"Compare that to fabric shades that fade in 5-7 years, or blinds that break and need replacing every 10 years.","Unverified source claim, not an endorsed fact. Confirm with David/product documentation; qualify or remove if unsupported."
https://www.beautifulblindsandshades.com/products/shades,The thing about quality window shades is they last 10-15 years easily.,"Unverified source claim, not an endorsed fact. Confirm with David/product documentation; qualify or remove if unsupported."
https://www.beautifulblindsandshades.com/services/blind-and-shade-cleaning,Most Fort Wayne homeowners should deep-clean their blinds and shades every 1-2 years.,"Unverified source claim, not an endorsed fact. Confirm with David/product documentation; qualify or remove if unsupported."
https://www.beautifulblindsandshades.com/services/blind-shade-repair,"Here's what we've learned after years in the Fort Wayne window treatment business: Definitely repair if: Your blinds are less than 10 years old, they're custom or high-quality, it's a simple fix like a broken cord or single slat, or you love the color and can't find it anymore.","Unverified source claim, not an endorsed fact. Confirm with David/product documentation; qualify or remove if unsupported."
https://www.beautifulblindsandshades.com/services/blind-shade-repair,Is there a warranty on repairs?,"Unverified source claim, not an endorsed fact. Confirm with David/product documentation; qualify or remove if unsupported."
https://www.beautifulblindsandshades.com/services/blind-shade-repair,Our blind repair and shade repair work comes with a service warranty.,"Unverified source claim, not an endorsed fact. Confirm with David/product documentation; qualify or remove if unsupported."
https://www.beautifulblindsandshades.com/services/outdoor-shades,Our outdoor roller shades come in dozens of fabrics—from light-filtering outdoor solar shades that preserve your view to blackout patio blinds that block 100% of the sun.,"Unverified source claim, not an endorsed fact. Confirm with David/product documentation; qualify or remove if unsupported."
https://www.beautifulblindsandshades.com/services/outdoor-shades,These patio shades block up to 95% of UV rays and heat while maintaining your view of the backyard.,"Unverified source claim, not an endorsed fact. Confirm with David/product documentation; qualify or remove if unsupported."
https://www.beautifulblindsandshades.com/services/outdoor-shades,A 5% openness outdoor shade blocks more sun and provides more privacy—perfect for patios facing neighbors.,"Unverified source claim, not an endorsed fact. Confirm with David/product documentation; qualify or remove if unsupported."
https://www.beautifulblindsandshades.com/services/outdoor-shades,A 10% openness patio shade offers better visibility while still cutting heat and glare significantly.,"Unverified source claim, not an endorsed fact. Confirm with David/product documentation; qualify or remove if unsupported."
https://www.beautifulblindsandshades.com/services/outdoor-shades,Our patio shades come with warranties that cover Fort Wayne's weather extremes.,"Unverified source claim, not an endorsed fact. Confirm with David/product documentation; qualify or remove if unsupported."
https://www.beautifulblindsandshades.com/services/outdoor-shades,Mounting outdoor shades correctly makes the difference between patio blinds that last 10+ years and outdoor shades that fail in two seasons.,"Unverified source claim, not an endorsed fact. Confirm with David/product documentation; qualify or remove if unsupported."
https://www.beautifulblindsandshades.com/services/window-treatments,We only recommend products we'd install in our own homes—custom blinds and shades with full manufacturer warranties that actually mean something.,"Unverified source claim, not an endorsed fact. Confirm with David/product documentation; qualify or remove if unsupported."
https://www.beautifulblindsandshades.com/services/window-treatments,Every window treatment we install in Fort Wayne comes backed by manufacturer warranties and our commitment to your satisfaction.,"Unverified source claim, not an endorsed fact. Confirm with David/product documentation; qualify or remove if unsupported."
