keyword,url,august_report_best_position,current_report_best_position,interpretation
interior shutters wayne,https://www.beautifulblindsandshades.com/products/plantation-shutters,2,not returned,"Database comparison, not local tracking. Missing row does not prove deindexing. No causal attribution to rebuild."
patio shade companies near me,https://www.beautifulblindsandshades.com/services/outdoor-shades,3,not returned,"Database comparison, not local tracking. Missing row does not prove deindexing. No causal attribution to rebuild."
window shades repair near me,https://www.beautifulblindsandshades.com/services/blind-shade-repair,3,16,"Database comparison, not local tracking. Missing row does not prove deindexing. No causal attribution to rebuild."
blind cleaning companies near me,https://www.beautifulblindsandshades.com/services/blind-and-shade-cleaning,4,43,"Database comparison, not local tracking. Missing row does not prove deindexing. No causal attribution to rebuild."
window blinds cleaning near me,https://www.beautifulblindsandshades.com/services/blind-and-shade-cleaning,4,29,"Database comparison, not local tracking. Missing row does not prove deindexing. No causal attribution to rebuild."
outdoor patio shades near me,https://www.beautifulblindsandshades.com/services/outdoor-shades,4,22,"Database comparison, not local tracking. Missing row does not prove deindexing. No causal attribution to rebuild."
wood interior shutters near me,https://www.beautifulblindsandshades.com/products/plantation-shutters,5,39,"Database comparison, not local tracking. Missing row does not prove deindexing. No causal attribution to rebuild."
outdoor shade near me,https://www.beautifulblindsandshades.com/services/outdoor-shades,8,14,"Database comparison, not local tracking. Missing row does not prove deindexing. No causal attribution to rebuild."
blackout shades park haven,https://www.beautifulblindsandshades.com/beautiful-blinds-shades-service-areas/window-treatments-new-haven-indiana,9,not returned,"Database comparison, not local tracking. Missing row does not prove deindexing. No causal attribution to rebuild."
graber blind repair near me,https://www.beautifulblindsandshades.com/services/blind-shade-repair,10,not returned,"Database comparison, not local tracking. Missing row does not prove deindexing. No causal attribution to rebuild."
