Keyword,Position,Previous Position,Search Volume,Url,Timestamp
beautiful blinds and shades,1,1,30,https://www.beautifulblindsandshades.com/,1784601731
beautiful blinds,2,2,210,https://www.beautifulblindsandshades.com/,1784853259
interior shutters wayne,2,2,30,https://www.beautifulblindsandshades.com/products/plantation-shutters,1784616524
exterior window shades park haven,2,2,50,https://www.beautifulblindsandshades.com/services/outdoor-shades,1784789816
blinds fort wayne indiana,3,5,70,https://www.beautifulblindsandshades.com/,1787337945
beautiful blinds and designs,3,3,90,https://www.beautifulblindsandshades.com/,1786600418
patio shade companies near me,3,3,30,https://www.beautifulblindsandshades.com/services/outdoor-shades,1784580426
window shades repair near me,3,3,140,https://www.beautifulblindsandshades.com/services/blind-shade-repair,1784407397
blind cleaning companies near me,4,4,170,https://www.beautifulblindsandshades.com/services/blind-and-shade-cleaning,1784546270
window blinds cleaning near me,4,4,40,https://www.beautifulblindsandshades.com/services/blind-and-shade-cleaning,1784746350
outdoor patio shades near me,4,4,90,https://www.beautifulblindsandshades.com/services/outdoor-shades,1784361451
window treatments fort wayne indiana,4,4,70,https://www.beautifulblindsandshades.com/,1783932807
outdoor sun shade installation near me,4,7,50,https://www.beautifulblindsandshades.com/services/outdoor-shades,1786565510
window blinds fort wayne,4,4,70,https://www.beautifulblindsandshades.com/,1784818863
sun shade installation near me,4,20,90,https://www.beautifulblindsandshades.com/services/outdoor-shades,1786133880
window treatments fort wayne,5,5,90,https://www.beautifulblindsandshades.com/,1787259820
wood interior shutters near me,5,5,50,https://www.beautifulblindsandshades.com/products/plantation-shutters,1784435335
fort wayne window treatments,5,5,90,https://www.beautifulblindsandshades.com/,1787686374
best blinds fort wayne indiana,7,4,90,https://www.beautifulblindsandshades.com/,1786501003
custom window treatments in lanesville in,8,7,40,https://www.beautifulblindsandshades.com/beautiful-blinds-shades-service-areas/window-treatments-syracuse-indiana,1786787832
outdoor shade near me,8,8,40,https://www.beautifulblindsandshades.com/services/outdoor-shades,1784577426
blackout shades park haven,9,9,50,https://www.beautifulblindsandshades.com/beautiful-blinds-shades-service-areas/window-treatments-new-haven-indiana,1783757032
we fix blinds,9,12,110,https://www.beautifulblindsandshades.com/services/blind-shade-repair,1786010256
best blinds fort wayne,10,9,110,https://www.beautifulblindsandshades.com/,1786409852
graber blind repair near me,10,10,40,https://www.beautifulblindsandshades.com/services/blind-shade-repair,1785055898
patio shade near me,10,11,110,https://www.beautifulblindsandshades.com/services/outdoor-shades,1787658234
blinds fort wayne,10,6,140,https://www.beautifulblindsandshades.com/,1786670134
custom window treatments auburn,10,11,90,https://www.beautifulblindsandshades.com/beautiful-blinds-shades-service-areas/window-treatments-auburn-indiana,1787864607
outdoor blinds for patio near me,11,0,30,https://www.beautifulblindsandshades.com/services/outdoor-shades,1787090595
patio blinds near me,11,18,70,https://www.beautifulblindsandshades.com/services/outdoor-shades,1786942868
window blinds fort wayne,11,11,70,https://www.beautifulblindsandshades.com/services/blind-shade-repair,1784818863
outdoor blinds near me,11,8,140,https://www.beautifulblindsandshades.com/services/outdoor-shades,1786580198
outdoor sun shades near me,11,14,40,https://www.beautifulblindsandshades.com/services/outdoor-shades,1787972909
budget blinds fort wayne,11,11,50,https://www.beautifulblindsandshades.com/,1784057706
window blinds repair near me,12,12,1000,https://www.beautifulblindsandshades.com/services/blind-shade-repair,1784022374
outdoor shades near me,12,11,720,https://www.beautifulblindsandshades.com/services/outdoor-shades,1785918257
sun shades for patios near me,13,0,70,https://www.beautifulblindsandshades.com/services/outdoor-shades,1787840052
outdoor sun shade installation near me,13,7,50,https://www.beautifulblindsandshades.com/services/outdoor-shades,1786565510
zieglers fort wayne,13,15,50,https://www.beautifulblindsandshades.com/,1787307412
exterior blinds near me,13,0,30,https://www.beautifulblindsandshades.com/services/outdoor-shades,1787122442
handyman to fix blinds near me,13,0,90,https://www.beautifulblindsandshades.com/services/blind-shade-repair,1786933108
outdoor roller shades near me,13,13,90,https://www.beautifulblindsandshades.com/services/outdoor-shades,1785273140
shade installation near me,13,12,210,https://www.beautifulblindsandshades.com/services/outdoor-shades,1787894982
patio sun shades near me,14,14,50,https://www.beautifulblindsandshades.com/services/outdoor-shades,1785104167
cellular shade repair near me,14,17,210,https://www.beautifulblindsandshades.com/services/blind-shade-repair,1787758259
porch shades near me,14,14,30,https://www.beautifulblindsandshades.com/services/outdoor-shades,1785387332
window blinds fort wayne,14,14,70,https://www.beautifulblindsandshades.com/products/blinds,1784818863
custom blinds auburn,14,14,170,https://www.beautifulblindsandshades.com/beautiful-blinds-shades-service-areas/window-treatments-auburn-indiana,1787258671
blinds fort wayne indiana,15,0,70,https://www.beautifulblindsandshades.com/blog-post/motorized-blinds-and-shades-in-fort-wayne,1787337945
roller blinds cleaning service,15,15,110,https://www.beautifulblindsandshades.com/services/blind-and-shade-cleaning,1784574699
shade repair shop,15,15,70,https://www.beautifulblindsandshades.com/services/blind-shade-repair,1785134924
blind repair indianapolis,15,15,90,https://www.beautifulblindsandshades.com/services/blind-shade-repair,1785362019
roller shade repair near me,15,17,70,https://www.beautifulblindsandshades.com/services/blind-shade-repair,1788171973
fort wayne window treatments,15,0,90,https://www.beautifulblindsandshades.com/blog-post/motorized-blinds-and-shades-in-fort-wayne,1787686374
blinds parts near me,15,15,110,https://www.beautifulblindsandshades.com/services/blind-shade-repair,1784548924
window blinds fort wayne,15,15,70,https://www.beautifulblindsandshades.com/beautiful-blinds-shades-service-areas/blinds-and-shades-fort-wayne-indiana,1784818863
restringing blinds near me,16,16,110,https://www.beautifulblindsandshades.com/services/blind-shade-repair,1784724759
blinds cleaners near me,16,16,40,https://www.beautifulblindsandshades.com/services/blind-and-shade-cleaning,1786470747
repair of blinds,16,16,90,https://www.beautifulblindsandshades.com/services/blind-shade-repair,1785298681
professional blind cleaning,16,16,210,https://www.beautifulblindsandshades.com/services/blind-and-shade-cleaning,1785034286
window coverings auburn,16,18,170,https://www.beautifulblindsandshades.com/beautiful-blinds-shades-service-areas/window-treatments-auburn-indiana,1786011116
porch blinds near me,16,15,40,https://www.beautifulblindsandshades.com/services/outdoor-shades,1787948575
outdoor window shades near me,16,12,30,https://www.beautifulblindsandshades.com/services/outdoor-shades,1787691901
custom patio shades near me,16,0,40,https://www.beautifulblindsandshades.com/services/outdoor-shades,1787087563
blind shade repair,16,16,90,https://www.beautifulblindsandshades.com/services/blind-shade-repair,1783526000
roman shade repair near me,17,0,140,https://www.beautifulblindsandshades.com/services/blind-shade-repair,1787941757
custom mini blinds near me,17,17,90,https://www.beautifulblindsandshades.com/products/blinds,1785358406
exterior roller shades near me,17,17,30,https://www.beautifulblindsandshades.com/services/outdoor-shades,1784609694
blind repair shops near me,17,32,50,https://www.beautifulblindsandshades.com/services/blind-shade-repair,1788155098
window blind restringing near me,17,17,30,https://www.beautifulblindsandshades.com/services/blind-shade-repair,1784612933
blinds cleaning near me,18,18,390,https://www.beautifulblindsandshades.com/services/blind-and-shade-cleaning,1785467882
roller shades installers parker lane,18,0,50,https://www.beautifulblindsandshades.com/beautiful-blinds-shades-service-areas/blinds-and-shades-fort-wayne-indiana,1786356179
fix my blinds location,18,18,390,https://www.beautifulblindsandshades.com/services/blind-shade-repair,1784318104
blind string repair near me,18,16,40,https://www.beautifulblindsandshades.com/services/blind-shade-repair,1786346080
cellular blind repair near me,18,18,210,https://www.beautifulblindsandshades.com/services/blind-shade-repair,1786291812
repair of blinds,19,16,90,https://www.beautifulblindsandshades.com/services/blind-shade-repair,1785298681
fix it blinds,19,19,90,https://www.beautifulblindsandshades.com/services/blind-shade-repair,1783640878
patio shades near me,19,18,320,https://www.beautifulblindsandshades.com/services/outdoor-shades,1786601342
motorized outdoor shades near me,19,19,110,https://www.beautifulblindsandshades.com/services/outdoor-shades,1785307790
outdoor shade installation near me,19,19,70,https://www.beautifulblindsandshades.com/services/outdoor-shades,1785451717
restring blinds near me,19,21,260,https://www.beautifulblindsandshades.com/services/blind-shade-repair,1787301771
roller blinds auburn,19,19,30,https://www.beautifulblindsandshades.com/beautiful-blinds-shades-service-areas/window-treatments-auburn-indiana,1784354008
fix shades,19,19,50,https://www.beautifulblindsandshades.com/services/blind-shade-repair,1785307491
pleated shade repair near me,19,0,30,https://www.beautifulblindsandshades.com/services/blind-shade-repair,1786759053
auburn blinds,19,18,140,https://www.beautifulblindsandshades.com/beautiful-blinds-shades-service-areas/window-treatments-auburn-indiana,1787781861
outdoor shades for patio near me,19,17,40,https://www.beautifulblindsandshades.com/services/outdoor-shades,1785893471
repair blinds near me,19,19,170,https://www.beautifulblindsandshades.com/services/blind-shade-repair,1784630172
blind repair shops,19,0,30,https://www.beautifulblindsandshades.com/services/blind-shade-repair,1787115742
blinds repairs near me,19,19,1000,https://www.beautifulblindsandshades.com/services/blind-shade-repair,1784724668
outdoor solar shades near me,19,16,50,https://www.beautifulblindsandshades.com/services/outdoor-shades,1787692652
sunshades near me,19,17,90,https://www.beautifulblindsandshades.com/services/outdoor-shades,1787123128
blinds cutting service,19,0,40,https://www.beautifulblindsandshades.com/services/blind-shade-repair,1786255675
blind cutting service,20,0,50,https://www.beautifulblindsandshades.com/services/blind-shade-repair,1786250755
shade repair,20,17,260,https://www.beautifulblindsandshades.com/services/blind-shade-repair,1787303663
exterior solar shades near me,20,22,40,https://www.beautifulblindsandshades.com/services/outdoor-shades,1786253528
patio shades near me,20,18,320,https://www.beautifulblindsandshades.com/services/outdoor-shades,1786601342
blind repairs,20,17,480,https://www.beautifulblindsandshades.com/services/blind-shade-repair,1785795443
window shade repairs near me,20,20,140,https://www.beautifulblindsandshades.com/services/blind-shade-repair,1784721868
fix blinds near me,20,16,210,https://www.beautifulblindsandshades.com/services/blind-shade-repair,1787786184
venetian blinds repair near me,20,0,70,https://www.beautifulblindsandshades.com/services/blind-shade-repair,1787140038
window shade repair near me,20,4,590,https://www.beautifulblindsandshades.com/services/blind-shade-repair,1785640797
mini blind repair near me,20,0,170,https://www.beautifulblindsandshades.com/services/blind-shade-repair,1786765200
repair blinds near me,20,19,170,https://www.beautifulblindsandshades.com/services/blind-shade-repair,1784630172
beautiful windows blinds,20,16,70,https://www.beautifulblindsandshades.com/,1787104769
outdoor solar shades near me,20,16,50,https://www.beautifulblindsandshades.com/services/outdoor-shades,1787692652
outdoor sun shades for patio near me,20,20,30,https://www.beautifulblindsandshades.com/services/outdoor-shades,1785258434
blinds repairing,20,0,170,https://www.beautifulblindsandshades.com/services/blind-shade-repair,1785989518
exterior window shades near me,21,26,70,https://www.beautifulblindsandshades.com/services/outdoor-shades,1786942432
window blinds repair,21,21,1000,https://www.beautifulblindsandshades.com/services/blind-shade-repair,1785322852
window blind repair service near me,21,0,70,https://www.beautifulblindsandshades.com/services/blind-shade-repair,1786739457
mini blinds repair near me,21,21,40,https://www.beautifulblindsandshades.com/services/blind-shade-repair,1785472992
blinds repaired,21,24,90,https://www.beautifulblindsandshades.com/services/blind-shade-repair,1785782654
blinds fort wayne,21,0,140,https://www.beautifulblindsandshades.com/blog-post/motorized-blinds-and-shades-in-fort-wayne,1786670134
best blinds fort wayne indiana,21,20,90,https://www.beautifulblindsandshades.com/products/blinds,1786501003
repair blinds,21,21,390,https://www.beautifulblindsandshades.com/services/blind-shade-repair,1784432075
blind repair shops,21,0,30,https://www.beautifulblindsandshades.com/services/blind-shade-repair,1787115742
cellular blind repair near me,21,18,210,https://www.beautifulblindsandshades.com/services/blind-shade-repair,1786291812
window blind repairs,21,0,390,https://www.beautifulblindsandshades.com/services/blind-shade-repair,1787312614
solar shade installers near me,21,21,30,https://www.beautifulblindsandshades.com/services/outdoor-shades,1784593169
windows blind repair,22,0,90,https://www.beautifulblindsandshades.com/services/blind-shade-repair,1786931765
blind repair near me,22,24,3600,https://www.beautifulblindsandshades.com/services/blind-shade-repair,1787956547
best blinds fort wayne,22,19,110,https://www.beautifulblindsandshades.com/products/blinds,1786409852
blinds repair shop near me,22,22,50,https://www.beautifulblindsandshades.com/services/blind-shade-repair,1785321047
blind cleaning,22,0,880,https://www.beautifulblindsandshades.com/services/blind-and-shade-cleaning,1787932814
vertical blinds repairs near me,22,0,90,https://www.beautifulblindsandshades.com/services/blind-shade-repair,1788136328
repair window blinds,22,0,110,https://www.beautifulblindsandshades.com/services/blind-shade-repair,1787308213
shade repairs,22,0,70,https://www.beautifulblindsandshades.com/services/blind-shade-repair,1785956797
vertical blind repairs near me,22,0,170,https://www.beautifulblindsandshades.com/services/blind-shade-repair,1786969558
repair of blinds for windows,23,0,30,https://www.beautifulblindsandshades.com/services/blind-shade-repair,1786190045
venetian blind repair near me,23,0,210,https://www.beautifulblindsandshades.com/services/blind-shade-repair,1786741839
wood blind cleaners,23,24,40,https://www.beautifulblindsandshades.com/services/blind-and-shade-cleaning,1787510852
fabric blinds cleaning service,23,25,30,https://www.beautifulblindsandshades.com/services/blind-and-shade-cleaning,1787814574
roller shades installers biltmore patio,23,0,40,https://www.beautifulblindsandshades.com/services/outdoor-shades,1786942446
window blinds and shades in lanesville in,23,23,40,https://www.beautifulblindsandshades.com/,1784566310
blinds cleaning,23,27,260,https://www.beautifulblindsandshades.com/services/blind-and-shade-cleaning,1786218333
best place to buy window blinds near me,23,0,110,https://www.beautifulblindsandshades.com/products/blinds,1786964609
repair of window blinds,23,22,70,https://www.beautifulblindsandshades.com/services/blind-shade-repair,1787324027
blind repairs near me,23,0,1900,https://www.beautifulblindsandshades.com/services/blind-shade-repair,1788133576
window blind cleaners,23,23,50,https://www.beautifulblindsandshades.com/services/blind-and-shade-cleaning,1785333051
roman shade installation cummingsville,23,0,40,https://www.beautifulblindsandshades.com/beautiful-blinds-shades-service-areas/window-treatments-hicksville-indiana,1785843768
blind repair shop near me,23,37,110,https://www.beautifulblindsandshades.com/services/blind-shade-repair,1788093639
sunshades near me,23,17,90,https://www.beautifulblindsandshades.com/services/outdoor-shades,1787123128
repairs to blinds,23,23,90,https://www.beautifulblindsandshades.com/services/blind-shade-repair,1785395338
fix blinds,24,0,170,https://www.beautifulblindsandshades.com/services/blind-shade-repair,1787856516
exterior-solar-shades near me,24,0,30,https://www.beautifulblindsandshades.com/services/outdoor-shades,1787077257
roller blind repairs near me,24,0,30,https://www.beautifulblindsandshades.com/services/blind-shade-repair,1786178990
window beauty,24,24,40,https://www.beautifulblindsandshades.com/,1785500962
mobile blind repair,24,24,30,https://www.beautifulblindsandshades.com/services/blind-shade-repair,1783745222
window blind cleaning,24,0,170,https://www.beautifulblindsandshades.com/services/blind-and-shade-cleaning,1787107278
who cleans blinds near me,24,26,260,https://www.beautifulblindsandshades.com/services/blind-and-shade-cleaning,1787496148
venetian blinds repairs near me,24,24,70,https://www.beautifulblindsandshades.com/services/blind-shade-repair,1785437683
wood blind repair near me,24,24,90,https://www.beautifulblindsandshades.com/services/blind-shade-repair,1784789369
window blind cleaning service,24,0,170,https://www.beautifulblindsandshades.com/services/blind-and-shade-cleaning,1786611029
cordless blind repair near me,24,24,30,https://www.beautifulblindsandshades.com/services/blind-shade-repair,1785402996
window shade repair,25,31,590,https://www.beautifulblindsandshades.com/services/blind-shade-repair,1787803356
cheap blinds for windows near me,25,0,40,https://www.beautifulblindsandshades.com/products/blinds,1788119981
viewpoint window works,25,0,50,https://www.beautifulblindsandshades.com/beautiful-blinds-shades-service-areas/custom-window-treatments-in-huntertown-indiana,1785797292
blind cleaning near me,25,0,390,https://www.beautifulblindsandshades.com/services/blind-and-shade-cleaning,1786249327
professional blind cleaning services,25,25,90,https://www.beautifulblindsandshades.com/services/blind-and-shade-cleaning,1784975168
repair my blinds,25,0,90,https://www.beautifulblindsandshades.com/services/blind-shade-repair,1788219790
retractable outdoor shades near me,25,25,30,https://www.beautifulblindsandshades.com/services/outdoor-shades,1784579878
vertical blind repair near me,25,34,390,https://www.beautifulblindsandshades.com/services/blind-shade-repair,1785715858
exterior shades near me,25,0,90,https://www.beautifulblindsandshades.com/services/outdoor-shades,1787789201
wooden blind repair,26,0,40,https://www.beautifulblindsandshades.com/services/blind-shade-repair,1788227460
blinds cleaning service,26,26,260,https://www.beautifulblindsandshades.com/services/blind-and-shade-cleaning,1784382807
blind and shade repair,26,0,30,https://www.beautifulblindsandshades.com/services/blind-shade-repair,1787098289
cheap blinds near me,26,0,590,https://www.beautifulblindsandshades.com/products/blinds,1787679239
roman shades repair near me,26,26,40,https://www.beautifulblindsandshades.com/services/blind-shade-repair,1785294003
best blinds company near me,26,0,70,https://www.beautifulblindsandshades.com/products/blinds,1788208516
window and blind cleaning,26,28,170,https://www.beautifulblindsandshades.com/services/blind-and-shade-cleaning,1785917733
window blinds cleaners near me,26,0,30,https://www.beautifulblindsandshades.com/services/blind-and-shade-cleaning,1787700323
roman shades mount auburn,26,30,40,https://www.beautifulblindsandshades.com/beautiful-blinds-shades-service-areas/window-treatments-auburn-indiana,1787107767
places to buy blinds near me,27,0,30,https://www.beautifulblindsandshades.com/products/blinds,1787695996
sun shade company near me,27,43,50,https://www.beautifulblindsandshades.com/services/outdoor-shades,1787027224
professional blind cleaning near me,27,26,40,https://www.beautifulblindsandshades.com/services/blind-and-shade-cleaning,1786084603
custom window treatments in zionsville in,27,26,40,https://www.beautifulblindsandshades.com/beautiful-blinds-shades-service-areas/window-treatments-bluffton-indiana,1786041055
window treatments fort wayne indiana,27,27,70,https://www.beautifulblindsandshades.com/blog-post/fort-wayne-window-treatments-guide,1783932807
window treatments fort wayne,28,0,90,https://www.beautifulblindsandshades.com/blog-post/custom-roller-shades-fort-wayne-open-concept-homes,1787259820
repair of blinds for windows,28,0,30,https://www.beautifulblindsandshades.com/services/blind-shade-repair,1786190045
window blind cleaning near me,28,47,140,https://www.beautifulblindsandshades.com/services/blind-and-shade-cleaning,1787788107
blind cleaning services,28,34,260,https://www.beautifulblindsandshades.com/services/blind-and-shade-cleaning,1787733675
shades repair,28,0,210,https://www.beautifulblindsandshades.com/services/blind-shade-repair,1786625768
patio shade madison,28,37,50,https://www.beautifulblindsandshades.com/services/outdoor-shades,1785809340
wood plantation shutters near me,28,28,90,https://www.beautifulblindsandshades.com/products/plantation-shutters,1785297107
shades repair near me,28,0,90,https://www.beautifulblindsandshades.com/services/blind-shade-repair,1787315336
blinds cleaning services,28,28,30,https://www.beautifulblindsandshades.com/services/blind-and-shade-cleaning,1785498625
vertical blinds repair near me,28,17,140,https://www.beautifulblindsandshades.com/services/blind-shade-repair,1787857043
blinds repair shop,28,0,70,https://www.beautifulblindsandshades.com/services/blind-shade-repair,1787169759
blind repair,29,0,1900,https://www.beautifulblindsandshades.com/services/blind-shade-repair,1788119156
blind installation & repair inc,29,22,140,https://www.beautifulblindsandshades.com/services/blind-shade-repair,1788170969
blind repair cost,29,29,110,https://www.beautifulblindsandshades.com/services/blind-shade-repair,1784377646
plantations shutters near me,29,29,210,https://www.beautifulblindsandshades.com/products/plantation-shutters,1785171911
blinds repair near me,29,26,2900,https://www.beautifulblindsandshades.com/services/blind-shade-repair,1788136290
professional blind cleaners,29,0,30,https://www.beautifulblindsandshades.com/services/blind-and-shade-cleaning,1787094074
custom blinds nearby,29,0,40,https://www.beautifulblindsandshades.com/products/blinds,1787915823
shades repair,29,0,210,https://www.beautifulblindsandshades.com/services/blind-shade-repair,1786625768
blind cleaner near me,29,29,30,https://www.beautifulblindsandshades.com/services/blind-and-shade-cleaning,1784616438
mobile blind cleaning near me,29,32,40,https://www.beautifulblindsandshades.com/services/blind-and-shade-cleaning,1785983760
blind cleaners near me,29,29,260,https://www.beautifulblindsandshades.com/services/blind-and-shade-cleaning,1785043727
window treatments repair,30,0,70,https://www.beautifulblindsandshades.com/services/blind-shade-repair,1786253692
wood blind cleaners,30,24,40,https://www.beautifulblindsandshades.com/services/blind-and-shade-cleaning,1787510852
shade repair service near me,30,0,30,https://www.beautifulblindsandshades.com/services/blind-shade-repair,1786255479
coleman's flooring and blinds,30,0,70,https://www.beautifulblindsandshades.com/,1787979625
windows and blinds cleaning,30,37,70,https://www.beautifulblindsandshades.com/services/blind-and-shade-cleaning,1786658914
professional blind cleaners,30,0,30,https://www.beautifulblindsandshades.com/services/blind-and-shade-cleaning,1787094074
custom blinds nearby,30,0,40,https://www.beautifulblindsandshades.com/products/blinds,1787915823
custom sun shades near me,30,8,40,https://www.beautifulblindsandshades.com/services/outdoor-shades,1787723556
custom blinds medical district,30,0,50,https://www.beautifulblindsandshades.com/beautiful-blinds-shades-service-areas/blinds-and-shades-fort-wayne-indiana,1787018820
shades repair service,31,0,70,https://www.beautifulblindsandshades.com/services/blind-shade-repair,1787120955
shade repair,31,17,260,https://www.beautifulblindsandshades.com/services/blind-shade-repair,1787303663
window blinds cleaning service near me,31,39,90,https://www.beautifulblindsandshades.com/services/blind-and-shade-cleaning,1787114208
window blinds near me,31,0,9900,https://www.beautifulblindsandshades.com/products/blinds,1788177482
blinds and shades repair,31,0,30,https://www.beautifulblindsandshades.com/services/blind-shade-repair,1787096743
buy blinds near me,31,0,140,https://www.beautifulblindsandshades.com/products/blinds,1786402296
plantation shutters nearby,31,36,170,https://www.beautifulblindsandshades.com/products/plantation-shutters,1788148610
window shades repair,31,0,90,https://www.beautifulblindsandshades.com/services/blind-shade-repair,1787008085
blinds cleaning near me,31,18,390,https://www.beautifulblindsandshades.com/services/blind-and-shade-cleaning,1785467882
fort wayne window treatments,31,0,90,https://www.beautifulblindsandshades.com/blog-post/custom-roller-shades-fort-wayne-open-concept-homes,1787686374
blind+repair,31,0,50,https://www.beautifulblindsandshades.com/services/blind-shade-repair,1786678157
blind cleaning services near me,31,42,210,https://www.beautifulblindsandshades.com/services/blind-and-shade-cleaning,1787249859
cordless blind repair near me,31,24,30,https://www.beautifulblindsandshades.com/services/blind-shade-repair,1785402996
blind repair service near me,31,31,210,https://www.beautifulblindsandshades.com/services/blind-shade-repair,1785078855
window blind repairs near me,31,31,390,https://www.beautifulblindsandshades.com/services/blind-shade-repair,1785271134
blind repair company,32,0,30,https://www.beautifulblindsandshades.com/services/blind-shade-repair,1787096278
window-blinds near me,32,0,50,https://www.beautifulblindsandshades.com/products/blinds,1787689454
blind and window cleaning,32,43,90,https://www.beautifulblindsandshades.com/services/blind-and-shade-cleaning,1786049137
window blinds repair service,32,32,50,https://www.beautifulblindsandshades.com/services/blind-shade-repair,1785365627
window blinds and shades in zionsville in,32,32,40,https://www.beautifulblindsandshades.com/,1784566241
window treatments country walk,32,0,90,https://www.beautifulblindsandshades.com/blog-post/motorized-blinds-and-shades-in-fort-wayne,1787221110
roman shade installation cummingsville,32,0,40,https://www.beautifulblindsandshades.com/beautiful-blinds-shades-service-areas/window-treatments-hicksville-indiana,1785843768
venetian blind cleaners near me,32,46,40,https://www.beautifulblindsandshades.com/services/blind-and-shade-cleaning,1787297113
blind repair service,33,33,720,https://www.beautifulblindsandshades.com/services/blind-shade-repair,1784987159
blinds cleaning services,33,28,30,https://www.beautifulblindsandshades.com/services/blind-and-shade-cleaning,1785498625
blind cleaning service,33,35,590,https://www.beautifulblindsandshades.com/services/blind-and-shade-cleaning,1787633616
blinds for windows near me,33,0,2400,https://www.beautifulblindsandshades.com/products/blinds,1788055051
window treatments auburn,33,30,50,https://www.beautifulblindsandshades.com/beautiful-blinds-shades-service-areas/window-treatments-auburn-indiana,1787691998
vertical blind repair near me,33,34,390,https://www.beautifulblindsandshades.com/services/blind-shade-repair,1785715858
repair shades,33,25,70,https://www.beautifulblindsandshades.com/services/blind-shade-repair,1788195780
repair window shades,34,25,720,https://www.beautifulblindsandshades.com/services/blind-shade-repair,1787511357
blinds fort wayne indiana,34,0,70,https://www.beautifulblindsandshades.com/blog-post/custom-roller-shades-fort-wayne-open-concept-homes,1787337945
professional blind cleaning near me,34,26,40,https://www.beautifulblindsandshades.com/services/blind-and-shade-cleaning,1786084603
blind cleaning services,34,34,260,https://www.beautifulblindsandshades.com/services/blind-and-shade-cleaning,1787733675
blind installation and repair,34,28,260,https://www.beautifulblindsandshades.com/services/blind-shade-repair,1787829793
mobile blind repair near me,34,34,170,https://www.beautifulblindsandshades.com/services/blind-shade-repair,1783612174
blind and window cleaning service,34,65,70,https://www.beautifulblindsandshades.com/services/blind-and-shade-cleaning,1787217051
blinds repair service,35,33,210,https://www.beautifulblindsandshades.com/services/blind-shade-repair,1787603548
coleman's flooring & blinds,35,45,110,https://www.beautifulblindsandshades.com/,1786987211
blind and shade repair near me,35,35,70,https://www.beautifulblindsandshades.com/services/blind-shade-repair,1784301855
blind cleaning company near me,35,45,110,https://www.beautifulblindsandshades.com/services/blind-and-shade-cleaning,1787022999
plantation+shutters+newtown,35,35,110,https://www.beautifulblindsandshades.com/products/plantation-shutters,1783781371
window blind cleaning services,36,28,30,https://www.beautifulblindsandshades.com/services/blind-and-shade-cleaning,1787951271
local blind company near me,36,0,40,https://www.beautifulblindsandshades.com/products/blinds,1787253584
curtains repair near me,36,0,40,https://www.beautifulblindsandshades.com/services/blind-shade-repair,1787283778
blind cleaning company,36,36,30,https://www.beautifulblindsandshades.com/services/blind-and-shade-cleaning,1785340774
interior shutters near me,36,0,480,https://www.beautifulblindsandshades.com/products/plantation-shutters,1787489481
mobile blind cleaning service near me,36,56,70,https://www.beautifulblindsandshades.com/services/blind-and-shade-cleaning,1786318530
blind installers near me,36,0,590,https://www.beautifulblindsandshades.com/products/blinds,1786455399
professional blind installation near me,37,0,40,https://www.beautifulblindsandshades.com/products/blinds,1787252771
window blinds repair service near me,37,37,40,https://www.beautifulblindsandshades.com/services/blind-shade-repair,1785210240
blinds repair,37,0,1900,https://www.beautifulblindsandshades.com/services/blind-shade-repair,1788235713
window blind installers near me,38,0,90,https://www.beautifulblindsandshades.com/products/blinds,1786938254
custom plantation shutter dealers near me,38,0,40,https://www.beautifulblindsandshades.com/products/plantation-shutters,1786868577
best blinds fort wayne indiana,38,33,90,https://www.beautifulblindsandshades.com/beautiful-blinds-shades-service-areas/blinds-and-shades-fort-wayne-indiana,1786501003
custom plantation shutters near me,38,36,320,https://www.beautifulblindsandshades.com/products/plantation-shutters,1785902259
plantation shutters installation old enfield,38,0,50,https://www.beautifulblindsandshades.com/products/plantation-shutters,1788220826
blinds close to me,38,0,3600,https://www.beautifulblindsandshades.com/products/blinds,1787993059
install window blinds near me,39,0,260,https://www.beautifulblindsandshades.com/products/blinds,1787341996
window treatments fort wayne indiana,39,39,70,https://www.beautifulblindsandshades.com/about-beautiful-blinds-and-shades,1783932807
blind company near me,39,0,6600,https://www.beautifulblindsandshades.com/products/blinds,1787998861
blinds installation near me,40,0,1900,https://www.beautifulblindsandshades.com/products/blinds,1787966692
blind sales near me,40,0,110,https://www.beautifulblindsandshades.com/products/blinds,1788099442
window shutters interior near me,41,0,210,https://www.beautifulblindsandshades.com/products/plantation-shutters,1787452597
blind and window cleaning,41,43,90,https://www.beautifulblindsandshades.com/services/blind-and-shade-cleaning,1786049137
blinds fort wayne,41,74,140,https://www.beautifulblindsandshades.com/about-beautiful-blinds-and-shades,1786670134
windows with built in blinds near me,41,41,30,https://www.beautifulblindsandshades.com/products/blinds,1784125628
wooden plantation shutters near me,41,41,50,https://www.beautifulblindsandshades.com/products/plantation-shutters,1783584748
best plantation shutters near me,41,46,90,https://www.beautifulblindsandshades.com/products/plantation-shutters,1786032799
window blind cleaners near me,41,41,40,https://www.beautifulblindsandshades.com/services/blind-and-shade-cleaning,1785116624
blind cleaning service near me,42,39,320,https://www.beautifulblindsandshades.com/services/blind-and-shade-cleaning,1785732469
interior plantation shutters near me,42,39,140,https://www.beautifulblindsandshades.com/products/plantation-shutters,1786928368
window blinds installers near me,42,0,40,https://www.beautifulblindsandshades.com/products/blinds,1787293290
best blinds fort wayne,43,36,110,https://www.beautifulblindsandshades.com/beautiful-blinds-shades-service-areas/blinds-and-shades-fort-wayne-indiana,1786409852
beautiful blinds and designs,43,50,90,https://www.beautifulblindsandshades.com/services/window-treatments,1786600418
plantation-shutters near me,43,40,170,https://www.beautifulblindsandshades.com/products/plantation-shutters,1787028365
window blinds installer near me,43,0,50,https://www.beautifulblindsandshades.com/products/blinds,1787293665
installed interior shutters near me,43,43,40,https://www.beautifulblindsandshades.com/products/plantation-shutters,1783893146
indoor window shutters near me,43,0,30,https://www.beautifulblindsandshades.com/products/plantation-shutters,1788167317
plantation shutter near me,43,50,40,https://www.beautifulblindsandshades.com/products/plantation-shutters,1787256337
window blinds and shades in carmel in,43,43,40,https://www.beautifulblindsandshades.com/,1784566448
blinds companies near me,43,0,210,https://www.beautifulblindsandshades.com/products/blinds,1786489441
blinds near me with installation,44,0,110,https://www.beautifulblindsandshades.com/products/blinds,1786393602
plantation shutters installation near me,44,44,90,https://www.beautifulblindsandshades.com/products/plantation-shutters,1784349034
shine a blind,44,35,210,https://www.beautifulblindsandshades.com/services/blind-and-shade-cleaning,1786112512
plantation shutters near,44,44,140,https://www.beautifulblindsandshades.com/products/plantation-shutters,1783609930
blinds fort wayne indiana,45,71,70,https://www.beautifulblindsandshades.com/about-beautiful-blinds-and-shades,1787337945
window treatments installed near me,45,0,70,https://www.beautifulblindsandshades.com/products/blinds,1786996410
blinds near me,45,0,22200,https://www.beautifulblindsandshades.com/products/blinds,1788212210
custom interior shutters near me,45,0,390,https://www.beautifulblindsandshades.com/products/plantation-shutters,1788143396
blinds consultation near me,46,0,90,https://www.beautifulblindsandshades.com/products/blinds,1786646966
shades and blinds near me,46,0,720,https://www.beautifulblindsandshades.com/products/blinds,1788043242
blinds install near me,47,0,170,https://www.beautifulblindsandshades.com/products/blinds,1786638425
window blinds cleaning services near me,47,44,30,https://www.beautifulblindsandshades.com/services/blind-and-shade-cleaning,1787698870
blinds installed near me,47,0,390,https://www.beautifulblindsandshades.com/products/blinds,1787750746
outdoor shade companies near me,47,47,70,https://www.beautifulblindsandshades.com/services/outdoor-shades,1783740834
exterior window shades park haven,47,47,50,https://www.beautifulblindsandshades.com/beautiful-blinds-shades-service-areas/window-treatments-new-haven-indiana,1784789816
custom window shutters near me,48,58,90,https://www.beautifulblindsandshades.com/products/plantation-shutters,1787322211
ultrasonic blind cleaners near me,49,0,50,https://www.beautifulblindsandshades.com/services/blind-and-shade-cleaning,1786971866
coleman's flooring and blinds,49,0,70,https://www.beautifulblindsandshades.com/products/blinds,1787979625
local blind companies near me,49,0,40,https://www.beautifulblindsandshades.com/products/blinds,1787078289
custom shades near me,49,0,880,https://www.beautifulblindsandshades.com/products/blinds,1787753350
custom blind stores near me,49,0,40,https://www.beautifulblindsandshades.com/products/blinds,1787839402
exterior window shades boulevard gardens,49,0,40,https://www.beautifulblindsandshades.com/services/outdoor-shades,1786874804
ultrasonic blind cleaners near me,50,0,50,https://www.beautifulblindsandshades.com/services/blind-and-shade-cleaning,1786971866
horizontal blinds near me,50,0,30,https://www.beautifulblindsandshades.com/products/blinds,1787079977
blinds nearme,50,0,70,https://www.beautifulblindsandshades.com/products/blinds,1787464772
sun shade companies near me,51,51,30,https://www.beautifulblindsandshades.com/services/outdoor-shades,1783931145
window blinds companies near me,51,0,50,https://www.beautifulblindsandshades.com/products/blinds,1786888371
beautiful windows blinds,51,46,70,https://www.beautifulblindsandshades.com/products/blinds,1787104769
window blind cleaning services near me,51,51,50,https://www.beautifulblindsandshades.com/services/blind-and-shade-cleaning,1783993762
blinds and borders near me,52,0,50,https://www.beautifulblindsandshades.com/products/blinds,1787679831
blind company near me,52,0,6600,https://www.beautifulblindsandshades.com/products/blinds,1787998861
window treatments fort wayne,53,0,90,https://www.beautifulblindsandshades.com/about-beautiful-blinds-and-shades,1787259820
window blind companies near me,53,0,390,https://www.beautifulblindsandshades.com/products/blinds,1787256656
best blinds fort wayne indiana,53,0,90,https://www.beautifulblindsandshades.com/services/window-treatments,1786501003
custom blind store near me,53,0,30,https://www.beautifulblindsandshades.com/products/blinds,1786571091
mobile blind cleaning near me,53,32,40,https://www.beautifulblindsandshades.com/services/blind-and-shade-cleaning,1785983760
vertical blind shops near me,54,0,50,https://www.beautifulblindsandshades.com/products/blinds,1787795010
coleman's flooring & blinds,54,0,110,https://www.beautifulblindsandshades.com/products/blinds,1786987211
custom shades near me,54,0,880,https://www.beautifulblindsandshades.com/products/blinds,1787753350
interior shutters installed near me,55,36,40,https://www.beautifulblindsandshades.com/products/plantation-shutters,1787684593
blunds near me,57,0,30,https://www.beautifulblindsandshades.com/products/blinds,1787695037
best blinds fort wayne,58,0,110,https://www.beautifulblindsandshades.com/services/window-treatments,1786409852
blinds fort wayne,58,87,140,https://www.beautifulblindsandshades.com/blog-post/fort-wayne-window-treatments-guide,1786670134
blinds fort wayne indiana,59,58,70,https://www.beautifulblindsandshades.com/services/window-treatments,1787337945
blinds near me,59,0,22200,https://www.beautifulblindsandshades.com/products/blinds,1788212210
custom blinds store near me,59,0,70,https://www.beautifulblindsandshades.com/products/blinds,1787112204
blind place near me,59,0,70,https://www.beautifulblindsandshades.com/products/blinds,1787695181
blinds fort wayne,60,36,140,https://www.beautifulblindsandshades.com/services/window-treatments,1786670134
custom+blinds+near+me,60,0,40,https://www.beautifulblindsandshades.com/products/blinds,1787847262
custom blinds store near me,60,0,70,https://www.beautifulblindsandshades.com/products/blinds,1787112204
mobile blind cleaning service near me,61,56,70,https://www.beautifulblindsandshades.com/services/blind-and-shade-cleaning,1786318530
beautiful blinds and designs,62,86,90,https://www.beautifulblindsandshades.com/products/shades,1786600418
fort wayne window treatments,62,43,90,https://www.beautifulblindsandshades.com/about-beautiful-blinds-and-shades,1787686374
blind and shades near me,63,0,40,https://www.beautifulblindsandshades.com/products/blinds,1787692716
custom window treatments cedarwood,64,64,40,https://www.beautifulblindsandshades.com/beautiful-blinds-shades-service-areas/window-treatments-leo-cedarville-indiana,1783879182
window covering companies near me,64,0,260,https://www.beautifulblindsandshades.com/products/blinds,1788123171
exterior roller shades dessau,64,0,40,https://www.beautifulblindsandshades.com/services/outdoor-shades,1786877598
best blinds fort wayne,65,57,110,https://www.beautifulblindsandshades.com/products/shades,1786409852
window treatments fort wayne indiana,65,65,70,https://www.beautifulblindsandshades.com/services/window-treatments,1783932807
wood window blinds near me,65,0,30,https://www.beautifulblindsandshades.com/products/blinds,1787081209
exterior roller shades bluff springs,67,0,50,https://www.beautifulblindsandshades.com/services/outdoor-shades,1786859829
blinds fort wayne indiana,68,66,70,https://www.beautifulblindsandshades.com/products/blinds,1787337945
blinds fort wayne,68,62,140,https://www.beautifulblindsandshades.com/products/blinds,1786670134
best blinds fort wayne indiana,68,89,90,https://www.beautifulblindsandshades.com/about-beautiful-blinds-and-shades,1786501003
best blinds fort wayne indiana,70,94,90,https://www.beautifulblindsandshades.com/blogs,1786501003
plantation shutters near me,71,65,4400,https://www.beautifulblindsandshades.com/products/plantation-shutters,1787989954
ultrasonic blind cleaning near me,72,0,170,https://www.beautifulblindsandshades.com/services/blind-and-shade-cleaning,1785729771
best blinds fort wayne indiana,72,0,90,https://www.beautifulblindsandshades.com/products/plantation-shutters,1786501003
plantation shutters zachary,72,0,70,https://www.beautifulblindsandshades.com/products/plantation-shutters,1787625915
blinds fort wayne indiana,73,27,70,https://www.beautifulblindsandshades.com/services/blind-shade-repair,1787337945
custom vertical blinds near me,73,0,110,https://www.beautifulblindsandshades.com/products/blinds,1787946723
best blinds fort wayne,73,0,110,https://www.beautifulblindsandshades.com/services/window-treatments,1786409852
blinds fort wayne,73,62,140,https://www.beautifulblindsandshades.com/products/blinds,1786670134
best blinds fort wayne indiana,73,0,90,https://www.beautifulblindsandshades.com/beautiful-blinds-shades-service-areas/custom-window-treatments-harlan-indiana,1786501003
window treatments fort wayne indiana,73,73,70,https://www.beautifulblindsandshades.com/location/beautiful-blinds-and-shades-service-area,1783932807
window blinds and shades in georgetown in,74,74,40,https://www.beautifulblindsandshades.com/beautiful-blinds-shades-service-areas/custom-window-treatments-in-huntertown-indiana,1784438801
blinds near me with installation,74,0,110,https://www.beautifulblindsandshades.com/products/blinds,1786393602
best blinds fort wayne indiana,74,0,90,https://www.beautifulblindsandshades.com/services/blind-shade-repair,1786501003
exterior window shades beverley beach,74,74,70,https://www.beautifulblindsandshades.com/services/outdoor-shades,1784789944
blinds fort wayne,75,28,140,https://www.beautifulblindsandshades.com/services/blind-shade-repair,1786670134
best blinds fort wayne indiana,75,0,90,https://www.beautifulblindsandshades.com/services/blind-and-shade-cleaning,1786501003
wooden plantation shutters near me,75,41,50,https://www.beautifulblindsandshades.com/products/plantation-shutters,1783584748
ultrasonic blinds cleaning near me,75,75,50,https://www.beautifulblindsandshades.com/services/blind-and-shade-cleaning,1785373424
custom wood blinds near me,75,0,110,https://www.beautifulblindsandshades.com/products/blinds,1786474741
blinds fort wayne indiana,76,76,70,https://www.beautifulblindsandshades.com/beautiful-blinds-shades-service-areas/blinds-and-shades-fort-wayne-indiana,1787337945
best blinds fort wayne,76,76,110,https://www.beautifulblindsandshades.com/blog-post/fort-wayne-window-treatments-guide,1786409852
best blinds fort wayne indiana,76,0,90,https://www.beautifulblindsandshades.com/beautiful-blinds-shades-service-areas/window-treatments-bluffton-indiana,1786501003
fort wayne window treatments,76,30,90,https://www.beautifulblindsandshades.com/blog-post/fort-wayne-window-treatments-guide,1787686374
house blinds near me,77,0,90,https://www.beautifulblindsandshades.com/products/blinds,1788123961
blinds fort wayne,77,76,140,https://www.beautifulblindsandshades.com/products/shades,1786670134
best blinds fort wayne indiana,77,0,90,https://www.beautifulblindsandshades.com/blog-post/5-ways-custom-blinds-and-shades-can-transform-your-fort-wayne-home,1786501003
blinds fort wayne indiana,78,38,70,https://www.beautifulblindsandshades.com/location/beautiful-blinds-and-shades-service-area,1787337945
best blinds fort wayne,78,74,110,https://www.beautifulblindsandshades.com/location/beautiful-blinds-and-shades-service-area,1786409852
blinds fort wayne,78,78,140,https://www.beautifulblindsandshades.com/beautiful-blinds-shades-service-areas/blinds-and-shades-fort-wayne-indiana,1786670134
best blinds fort wayne indiana,78,0,90,https://www.beautifulblindsandshades.com/blog-post/save-energy-window-treatments-fort-wayne,1786501003
window treatments fort wayne indiana,78,78,70,https://www.beautifulblindsandshades.com/products/blinds,1783932807
beautiful blinds and designs,79,81,90,https://www.beautifulblindsandshades.com/products/blinds,1786600418
best blinds fort wayne indiana,79,0,90,https://www.beautifulblindsandshades.com/blog-post/motorized-blinds-and-shades-in-fort-wayne,1786501003
blinds fort wayne indiana,80,78,70,https://www.beautifulblindsandshades.com/services/outdoor-shades,1787337945
best blinds fort wayne,80,68,110,https://www.beautifulblindsandshades.com/about-beautiful-blinds-and-shades,1786409852
blinds fort wayne,80,67,140,https://www.beautifulblindsandshades.com/location/beautiful-blinds-and-shades-service-area,1786670134
best blinds fort wayne indiana,80,0,90,https://www.beautifulblindsandshades.com/blog-post/custom-roller-shades-fort-wayne-open-concept-homes,1786501003
blinds fort wayne,81,0,140,https://www.beautifulblindsandshades.com/blogs,1786670134
blinds fort wayne indiana,82,0,70,https://www.beautifulblindsandshades.com/blog-post/fort-wayne-window-treatments-guide,1787337945
best blinds fort wayne,82,62,110,https://www.beautifulblindsandshades.com/blogs,1786409852
custom window treatments in lanesville in,82,69,40,https://www.beautifulblindsandshades.com/beautiful-blinds-shades-service-areas/custom-window-treatments-harlan-indiana,1786787832
window treatments fort wayne indiana,82,82,70,https://www.beautifulblindsandshades.com/products/shades,1783932807
blinds fort wayne,83,45,140,https://www.beautifulblindsandshades.com/services/outdoor-shades,1786670134
custom+blinds+near+me,83,0,40,https://www.beautifulblindsandshades.com/products/blinds,1787847262
blinds fort wayne indiana,84,82,70,https://www.beautifulblindsandshades.com/services/blind-and-shade-cleaning,1787337945
best blinds fort wayne,84,77,110,https://www.beautifulblindsandshades.com/services/blind-shade-repair,1786409852
window blinds and shades in lanesville in,84,84,40,https://www.beautifulblindsandshades.com/beautiful-blinds-shades-service-areas/window-treatments-syracuse-indiana,1784566310
window treatments fort wayne,85,88,90,https://www.beautifulblindsandshades.com/products/shades,1787259820
blinds fort wayne indiana,85,91,70,https://www.beautifulblindsandshades.com/blogs,1787337945
blinds fort wayne,85,0,140,https://www.beautifulblindsandshades.com/blog-post/5-ways-custom-blinds-and-shades-can-transform-your-fort-wayne-home,1786670134
window treatments fort wayne indiana,85,85,70,https://www.beautifulblindsandshades.com/beautiful-blinds-shades-service-areas/blinds-and-shades-fort-wayne-indiana,1783932807
blinds fort wayne indiana,86,91,70,https://www.beautifulblindsandshades.com/blogs,1787337945
best blinds fort wayne,86,80,110,https://www.beautifulblindsandshades.com/products/plantation-shutters,1786409852
window treatments fort wayne indiana,86,86,70,https://www.beautifulblindsandshades.com/services/blind-shade-repair,1783932807
blinds fort wayne,87,85,140,https://www.beautifulblindsandshades.com/products/plantation-shutters,1786670134
fort wayne window treatments,87,0,90,https://www.beautifulblindsandshades.com/beautiful-blinds-shades-service-areas/blinds-and-shades-fort-wayne-indiana,1787686374
window treatments fort wayne indiana,87,87,70,https://www.beautifulblindsandshades.com/products/plantation-shutters,1783932807
blinds fort wayne indiana,88,84,70,https://www.beautifulblindsandshades.com/products/plantation-shutters,1787337945
custom window treatments cedarwood,89,64,40,https://www.beautifulblindsandshades.com/beautiful-blinds-shades-service-areas/window-treatments-leo-cedarville-indiana,1783879182
blinds fort wayne indiana,89,85,70,https://www.beautifulblindsandshades.com/blog-post/5-ways-custom-blinds-and-shades-can-transform-your-fort-wayne-home,1787337945
blinds fort wayne,89,0,140,https://www.beautifulblindsandshades.com/services/blind-and-shade-cleaning,1786670134
window treatments fort wayne indiana,89,89,70,https://www.beautifulblindsandshades.com/beautiful-blinds-shades-service-areas/window-treatments-woodburn-indiana,1783932807
beautiful blinds and designs,90,64,90,https://www.beautifulblindsandshades.com/location/beautiful-blinds-and-shades-service-area,1786600418
window treatments fort wayne,91,84,90,https://www.beautifulblindsandshades.com/products/blinds,1787259820
window treatments fort wayne indiana,91,91,70,https://www.beautifulblindsandshades.com/beautiful-blinds-shades-service-areas/window-treatments-bluffton-indiana,1783932807
window treatments fort wayne indiana,92,92,70,https://www.beautifulblindsandshades.com/blog-post/5-ways-custom-blinds-and-shades-can-transform-your-fort-wayne-home,1783932807
fort wayne window treatments,94,63,90,https://www.beautifulblindsandshades.com/services/window-treatments,1787686374
window treatments fort wayne indiana,94,94,70,https://www.beautifulblindsandshades.com/services/outdoor-shades,1783932807
window treatments fort wayne indiana,96,96,70,https://www.beautifulblindsandshades.com/beautiful-blinds-shades-service-areas/window-treatments-auburn-indiana,1783932807
window treatments fort wayne,97,0,90,https://www.beautifulblindsandshades.com/beautiful-blinds-shades-service-areas/blinds-and-shades-fort-wayne-indiana,1787259820
fort wayne window treatments,98,77,90,https://www.beautifulblindsandshades.com/products/shades,1787686374
window treatments fort wayne,99,0,90,https://www.beautifulblindsandshades.com/blog-post/5-ways-custom-blinds-and-shades-can-transform-your-fort-wayne-home,1787259820
