keyword,url_count,strongest_url,best_position,competing_urls_and_positions,interpretation
blinds fort wayne indiana,15,https://www.beautifulblindsandshades.com/,3,https://www.beautifulblindsandshades.com/ #3 | https://www.beautifulblindsandshades.com/blog-post/motorized-blinds-and-shades-in-fort-wayne #15 | https://www.beautifulblindsandshades.com/blog-post/custom-roller-shades-fort-wayne-open-concept-homes #34 | https://www.beautifulblindsandshades.com/about-beautiful-blinds-and-shades #45 | https://www.beautifulblindsandshades.com/services/window-treatments #59 | https://www.beautifulblindsandshades.com/products/blinds #68 | https://www.beautifulblindsandshades.com/services/blind-shade-repair #73 | https://www.beautifulblindsandshades.com/beautiful-blinds-shades-service-areas/blinds-and-shades-fort-wayne-indiana #76 | https://www.beautifulblindsandshades.com/location/beautiful-blinds-and-shades-service-area #78 | https://www.beautifulblindsandshades.com/services/outdoor-shades #80 | https://www.beautifulblindsandshades.com/blog-post/fort-wayne-window-treatments-guide #82 | https://www.beautifulblindsandshades.com/services/blind-and-shade-cleaning #84 | https://www.beautifulblindsandshades.com/blogs #85 | https://www.beautifulblindsandshades.com/products/plantation-shutters #88 | https://www.beautifulblindsandshades.com/blog-post/5-ways-custom-blinds-and-shades-can-transform-your-fort-wayne-home #89,"Overlap observed; harm not established. Check intent, GSC URL switching, impressions and conversions before consolidation."
beautiful blinds and designs,5,https://www.beautifulblindsandshades.com/,3,https://www.beautifulblindsandshades.com/ #3 | https://www.beautifulblindsandshades.com/services/window-treatments #43 | https://www.beautifulblindsandshades.com/products/shades #62 | https://www.beautifulblindsandshades.com/products/blinds #79 | https://www.beautifulblindsandshades.com/location/beautiful-blinds-and-shades-service-area #90,"Overlap observed; harm not established. Check intent, GSC URL switching, impressions and conversions before consolidation."
beautiful blinds,5,https://www.beautifulblindsandshades.com/,4,https://www.beautifulblindsandshades.com/ #4 | https://www.beautifulblindsandshades.com/location/beautiful-blinds-and-shades-service-area #44 | https://www.beautifulblindsandshades.com/services/window-treatments #64 | https://www.beautifulblindsandshades.com/products/blinds #81 | https://www.beautifulblindsandshades.com/products/shades #89,"Overlap observed; harm not established. Check intent, GSC URL switching, impressions and conversions before consolidation."
window treatments fort wayne,7,https://www.beautifulblindsandshades.com/,5,https://www.beautifulblindsandshades.com/ #5 | https://www.beautifulblindsandshades.com/blog-post/custom-roller-shades-fort-wayne-open-concept-homes #28 | https://www.beautifulblindsandshades.com/about-beautiful-blinds-and-shades #53 | https://www.beautifulblindsandshades.com/products/shades #85 | https://www.beautifulblindsandshades.com/products/blinds #91 | https://www.beautifulblindsandshades.com/beautiful-blinds-shades-service-areas/blinds-and-shades-fort-wayne-indiana #97 | https://www.beautifulblindsandshades.com/blog-post/5-ways-custom-blinds-and-shades-can-transform-your-fort-wayne-home #99,"Overlap observed; harm not established. Check intent, GSC URL switching, impressions and conversions before consolidation."
fort wayne window treatments,8,https://www.beautifulblindsandshades.com/,5,https://www.beautifulblindsandshades.com/ #5 | https://www.beautifulblindsandshades.com/blog-post/motorized-blinds-and-shades-in-fort-wayne #15 | https://www.beautifulblindsandshades.com/blog-post/custom-roller-shades-fort-wayne-open-concept-homes #31 | https://www.beautifulblindsandshades.com/about-beautiful-blinds-and-shades #62 | https://www.beautifulblindsandshades.com/blog-post/fort-wayne-window-treatments-guide #76 | https://www.beautifulblindsandshades.com/beautiful-blinds-shades-service-areas/blinds-and-shades-fort-wayne-indiana #87 | https://www.beautifulblindsandshades.com/services/window-treatments #94 | https://www.beautifulblindsandshades.com/products/shades #98,"Overlap observed; harm not established. Check intent, GSC URL switching, impressions and conversions before consolidation."
window treatments fort wayne indiana,14,https://www.beautifulblindsandshades.com/,5,https://www.beautifulblindsandshades.com/ #5 | https://www.beautifulblindsandshades.com/about-beautiful-blinds-and-shades #28 | https://www.beautifulblindsandshades.com/blog-post/fort-wayne-window-treatments-guide #43 | https://www.beautifulblindsandshades.com/products/shades #62 | https://www.beautifulblindsandshades.com/services/window-treatments #73 | https://www.beautifulblindsandshades.com/beautiful-blinds-shades-service-areas/blinds-and-shades-fort-wayne-indiana #82 | https://www.beautifulblindsandshades.com/products/blinds #85 | https://www.beautifulblindsandshades.com/blog-post/5-ways-custom-blinds-and-shades-can-transform-your-fort-wayne-home #88 | https://www.beautifulblindsandshades.com/location/beautiful-blinds-and-shades-service-area #91 | https://www.beautifulblindsandshades.com/blog-post/save-energy-window-treatments-fort-wayne #92 | https://www.beautifulblindsandshades.com/products/plantation-shutters #93 | https://www.beautifulblindsandshades.com/services/blind-shade-repair #94 | https://www.beautifulblindsandshades.com/services/outdoor-shades #95 | https://www.beautifulblindsandshades.com/beautiful-blinds-shades-service-areas/window-treatments-bluffton-indiana #96,"Overlap observed; harm not established. Check intent, GSC URL switching, impressions and conversions before consolidation."
best blinds fort wayne indiana,15,https://www.beautifulblindsandshades.com/,7,https://www.beautifulblindsandshades.com/ #7 | https://www.beautifulblindsandshades.com/products/blinds #21 | https://www.beautifulblindsandshades.com/beautiful-blinds-shades-service-areas/blinds-and-shades-fort-wayne-indiana #38 | https://www.beautifulblindsandshades.com/services/window-treatments #53 | https://www.beautifulblindsandshades.com/about-beautiful-blinds-and-shades #68 | https://www.beautifulblindsandshades.com/blogs #70 | https://www.beautifulblindsandshades.com/products/plantation-shutters #72 | https://www.beautifulblindsandshades.com/beautiful-blinds-shades-service-areas/custom-window-treatments-harlan-indiana #73 | https://www.beautifulblindsandshades.com/services/blind-shade-repair #74 | https://www.beautifulblindsandshades.com/services/blind-and-shade-cleaning #75 | https://www.beautifulblindsandshades.com/beautiful-blinds-shades-service-areas/window-treatments-bluffton-indiana #76 | https://www.beautifulblindsandshades.com/blog-post/5-ways-custom-blinds-and-shades-can-transform-your-fort-wayne-home #77 | https://www.beautifulblindsandshades.com/blog-post/save-energy-window-treatments-fort-wayne #78 | https://www.beautifulblindsandshades.com/blog-post/motorized-blinds-and-shades-in-fort-wayne #79 | https://www.beautifulblindsandshades.com/blog-post/custom-roller-shades-fort-wayne-open-concept-homes #80,"Overlap observed; harm not established. Check intent, GSC URL switching, impressions and conversions before consolidation."
custom window treatments in lanesville in,2,https://www.beautifulblindsandshades.com/beautiful-blinds-shades-service-areas/window-treatments-syracuse-indiana,8,https://www.beautifulblindsandshades.com/beautiful-blinds-shades-service-areas/window-treatments-syracuse-indiana #8 | https://www.beautifulblindsandshades.com/beautiful-blinds-shades-service-areas/custom-window-treatments-harlan-indiana #82,"Overlap observed; harm not established. Check intent, GSC URL switching, impressions and conversions before consolidation."
window blinds fort wayne,14,https://www.beautifulblindsandshades.com/,9,https://www.beautifulblindsandshades.com/ #9 | https://www.beautifulblindsandshades.com/blog-post/motorized-blinds-and-shades-in-fort-wayne #20 | https://www.beautifulblindsandshades.com/about-beautiful-blinds-and-shades #46 | https://www.beautifulblindsandshades.com/blog-post/fort-wayne-window-treatments-guide #63 | https://www.beautifulblindsandshades.com/products/blinds #74 | https://www.beautifulblindsandshades.com/services/window-treatments #79 | https://www.beautifulblindsandshades.com/location/beautiful-blinds-and-shades-service-area #82 | https://www.beautifulblindsandshades.com/services/blind-shade-repair #83 | https://www.beautifulblindsandshades.com/beautiful-blinds-shades-service-areas/blinds-and-shades-fort-wayne-indiana #85 | https://www.beautifulblindsandshades.com/products/shades #87 | https://www.beautifulblindsandshades.com/blog-post/5-ways-custom-blinds-and-shades-can-transform-your-fort-wayne-home #89 | https://www.beautifulblindsandshades.com/services/blind-and-shade-cleaning #91 | https://www.beautifulblindsandshades.com/services/outdoor-shades #93 | https://www.beautifulblindsandshades.com/products/plantation-shutters #95,"Overlap observed; harm not established. Check intent, GSC URL switching, impressions and conversions before consolidation."
best blinds fort wayne,11,https://www.beautifulblindsandshades.com/,10,https://www.beautifulblindsandshades.com/ #10 | https://www.beautifulblindsandshades.com/products/blinds #22 | https://www.beautifulblindsandshades.com/beautiful-blinds-shades-service-areas/blinds-and-shades-fort-wayne-indiana #43 | https://www.beautifulblindsandshades.com/services/window-treatments #58 | https://www.beautifulblindsandshades.com/products/shades #65 | https://www.beautifulblindsandshades.com/blog-post/fort-wayne-window-treatments-guide #76 | https://www.beautifulblindsandshades.com/location/beautiful-blinds-and-shades-service-area #78 | https://www.beautifulblindsandshades.com/about-beautiful-blinds-and-shades #80 | https://www.beautifulblindsandshades.com/blogs #82 | https://www.beautifulblindsandshades.com/services/blind-shade-repair #84 | https://www.beautifulblindsandshades.com/products/plantation-shutters #86,"Overlap observed; harm not established. Check intent, GSC URL switching, impressions and conversions before consolidation."
blinds fort wayne,15,https://www.beautifulblindsandshades.com/,10,https://www.beautifulblindsandshades.com/ #10 | https://www.beautifulblindsandshades.com/blog-post/motorized-blinds-and-shades-in-fort-wayne #21 | https://www.beautifulblindsandshades.com/about-beautiful-blinds-and-shades #41 | https://www.beautifulblindsandshades.com/blog-post/fort-wayne-window-treatments-guide #58 | https://www.beautifulblindsandshades.com/services/window-treatments #60 | https://www.beautifulblindsandshades.com/products/blinds #68 | https://www.beautifulblindsandshades.com/services/blind-shade-repair #75 | https://www.beautifulblindsandshades.com/products/shades #77 | https://www.beautifulblindsandshades.com/beautiful-blinds-shades-service-areas/blinds-and-shades-fort-wayne-indiana #78 | https://www.beautifulblindsandshades.com/location/beautiful-blinds-and-shades-service-area #80 | https://www.beautifulblindsandshades.com/blogs #81 | https://www.beautifulblindsandshades.com/services/outdoor-shades #83 | https://www.beautifulblindsandshades.com/blog-post/5-ways-custom-blinds-and-shades-can-transform-your-fort-wayne-home #85 | https://www.beautifulblindsandshades.com/products/plantation-shutters #87 | https://www.beautifulblindsandshades.com/services/blind-and-shade-cleaning #89,"Overlap observed; harm not established. Check intent, GSC URL switching, impressions and conversions before consolidation."
budget blinds fort wayne,2,https://www.beautifulblindsandshades.com/products/blinds,13,https://www.beautifulblindsandshades.com/products/blinds #13 | https://www.beautifulblindsandshades.com/ #35,"Overlap observed; harm not established. Check intent, GSC URL switching, impressions and conversions before consolidation."
beautiful windows blinds,2,https://www.beautifulblindsandshades.com/,20,https://www.beautifulblindsandshades.com/ #20 | https://www.beautifulblindsandshades.com/products/blinds #51,"Overlap observed; harm not established. Check intent, GSC URL switching, impressions and conversions before consolidation."
coleman's flooring and blinds,2,https://www.beautifulblindsandshades.com/,30,https://www.beautifulblindsandshades.com/ #30 | https://www.beautifulblindsandshades.com/products/blinds #49,"Overlap observed; harm not established. Check intent, GSC URL switching, impressions and conversions before consolidation."
coleman's flooring & blinds,2,https://www.beautifulblindsandshades.com/,35,https://www.beautifulblindsandshades.com/ #35 | https://www.beautifulblindsandshades.com/products/blinds #54,"Overlap observed; harm not established. Check intent, GSC URL switching, impressions and conversions before consolidation."
