Keyword,Position,Previous Position,Search Volume,Url,Traffic,Traffic (%),Timestamp,Intents,observed_utc
beautiful blinds and shades,1,1,40,https://www.beautifulblindsandshades.com/,1,2.70,1789322342,"0,2",2026-09-13T17:59:02+00:00
exterior window shades park haven,2,2,40,https://www.beautifulblindsandshades.com/services/outdoor-shades,0,0.00,1789491478,0,2026-09-15T16:57:58+00:00
blinds fort wayne indiana,3,3,70,https://www.beautifulblindsandshades.com/,3,8.10,1787337945,0,2026-08-21T18:45:45+00:00
motorized window treatment park haven,3,3,50,https://www.beautifulblindsandshades.com/blog-post/motorized-blinds-and-shades-in-fort-wayne,1,2.70,1788606558,0,2026-09-05T11:09:18+00:00
beautiful blinds and designs,3,3,90,https://www.beautifulblindsandshades.com/,0,0.00,1786600418,2,2026-08-13T05:53:38+00:00
beautiful blinds,4,4,170,https://www.beautifulblindsandshades.com/,1,2.70,1789512030,0,2026-09-15T22:40:30+00:00
outdoor sun shade installation near me,4,4,50,https://www.beautifulblindsandshades.com/services/outdoor-shades,1,2.70,1786565510,3,2026-08-12T20:11:50+00:00
sun shade installation near me,4,4,90,https://www.beautifulblindsandshades.com/services/outdoor-shades,2,5.40,1786133880,3,2026-08-07T20:18:00+00:00
window treatments fort wayne,5,5,90,https://www.beautifulblindsandshades.com/,2,5.40,1787259820,0,2026-08-20T21:03:40+00:00
fort wayne window treatments,5,5,90,https://www.beautifulblindsandshades.com/,2,5.40,1787686374,0,2026-08-25T19:32:54+00:00
window treatments fort wayne indiana,5,5,90,https://www.beautifulblindsandshades.com/,2,5.40,1788634706,0,2026-09-05T18:58:26+00:00
custom blinds installation cummingsville,5,5,50,https://www.beautifulblindsandshades.com/beautiful-blinds-shades-service-areas/window-treatments-hicksville-indiana,1,2.70,1789366930,0,2026-09-14T06:22:10+00:00
best blinds fort wayne indiana,7,7,90,https://www.beautifulblindsandshades.com/,0,0.00,1786501003,"0,2",2026-08-12T02:16:43+00:00
custom window treatments in lanesville in,8,8,40,https://www.beautifulblindsandshades.com/beautiful-blinds-shades-service-areas/window-treatments-syracuse-indiana,0,0.00,1786787832,1,2026-08-15T09:57:12+00:00
we fix blinds,9,9,110,https://www.beautifulblindsandshades.com/services/blind-shade-repair,0,0.00,1786010256,2,2026-08-06T09:57:36+00:00
wood blind repair near me,9,9,90,https://www.beautifulblindsandshades.com/services/blind-shade-repair,1,2.70,1789489389,3,2026-09-15T16:23:09+00:00
window blinds fort wayne,9,9,70,https://www.beautifulblindsandshades.com/,0,0.00,1789478912,0,2026-09-15T13:28:32+00:00
best blinds fort wayne,10,10,110,https://www.beautifulblindsandshades.com/,0,0.00,1786409852,"0,2",2026-08-11T00:57:32+00:00
patio shade near me,10,10,110,https://www.beautifulblindsandshades.com/services/outdoor-shades,0,0.00,1787658234,3,2026-08-25T11:43:54+00:00
blinds fort wayne,10,10,140,https://www.beautifulblindsandshades.com/,1,2.70,1786670134,0,2026-08-14T01:15:34+00:00
wood blind repair near me,10,10,90,https://www.beautifulblindsandshades.com/services/blind-shade-repair,0,0.00,1789489389,3,2026-09-15T16:23:09+00:00
custom window treatments auburn,10,10,90,https://www.beautifulblindsandshades.com/beautiful-blinds-shades-service-areas/window-treatments-auburn-indiana,0,0.00,1787864607,0,2026-08-27T21:03:27+00:00
outdoor blinds for patio near me,11,11,30,https://www.beautifulblindsandshades.com/services/outdoor-shades,0,0.00,1787090595,3,2026-08-18T22:03:15+00:00
window shade repairs near me,11,11,110,https://www.beautifulblindsandshades.com/services/blind-shade-repair,0,0.00,1789406536,3,2026-09-14T17:22:16+00:00
patio blinds near me,11,11,70,https://www.beautifulblindsandshades.com/services/outdoor-shades,0,0.00,1786942868,3,2026-08-17T05:01:08+00:00
outdoor blinds near me,11,11,140,https://www.beautifulblindsandshades.com/services/outdoor-shades,0,0.00,1786580198,3,2026-08-13T00:16:38+00:00
outdoor sun shades near me,11,11,40,https://www.beautifulblindsandshades.com/services/outdoor-shades,0,0.00,1787972909,3,2026-08-29T03:08:29+00:00
outdoor shades near me,12,12,720,https://www.beautifulblindsandshades.com/services/outdoor-shades,2,5.40,1785918257,3,2026-08-05T08:24:17+00:00
mini blinds repair,12,12,90,https://www.beautifulblindsandshades.com/services/blind-shade-repair,0,0.00,1789333465,1,2026-09-13T21:04:25+00:00
sun shades for patios near me,13,13,70,https://www.beautifulblindsandshades.com/services/outdoor-shades,0,0.00,1787840052,3,2026-08-27T14:14:12+00:00
outdoor sun shade installation near me,13,13,50,https://www.beautifulblindsandshades.com/services/outdoor-shades,0,0.00,1786565510,3,2026-08-12T20:11:50+00:00
zieglers fort wayne,13,13,50,https://www.beautifulblindsandshades.com/,0,0.00,1787307412,2,2026-08-21T10:16:52+00:00
window blind repair,13,13,1000,https://www.beautifulblindsandshades.com/services/blind-shade-repair,3,8.10,1789353289,1,2026-09-14T02:34:49+00:00
exterior blinds near me,13,13,30,https://www.beautifulblindsandshades.com/services/outdoor-shades,0,0.00,1787122442,3,2026-08-19T06:54:02+00:00
handyman to fix blinds near me,13,13,90,https://www.beautifulblindsandshades.com/services/blind-shade-repair,0,0.00,1786933108,3,2026-08-17T02:18:28+00:00
shade repair near me,13,13,390,https://www.beautifulblindsandshades.com/services/blind-shade-repair,1,2.70,1789261662,3,2026-09-13T01:07:42+00:00
shade installation near me,13,13,210,https://www.beautifulblindsandshades.com/services/outdoor-shades,0,0.00,1787894982,3,2026-08-28T05:29:42+00:00
budget blinds fort wayne,13,13,50,https://www.beautifulblindsandshades.com/products/blinds,0,0.00,1788747473,2,2026-09-07T02:17:53+00:00
outdoor shade near me,14,14,70,https://www.beautifulblindsandshades.com/services/outdoor-shades,0,0.00,1789314566,3,2026-09-13T15:49:26+00:00
cellular shade repair near me,14,14,210,https://www.beautifulblindsandshades.com/services/blind-shade-repair,0,0.00,1787758259,3,2026-08-26T15:30:59+00:00
window blind restringing near me,14,14,30,https://www.beautifulblindsandshades.com/services/blind-shade-repair,0,0.00,1789328862,3,2026-09-13T19:47:42+00:00
porch shades near me,14,14,30,https://www.beautifulblindsandshades.com/services/outdoor-shades,0,0.00,1785387332,3,2026-07-30T04:55:32+00:00
custom blinds auburn,14,14,170,https://www.beautifulblindsandshades.com/beautiful-blinds-shades-service-areas/window-treatments-auburn-indiana,0,0.00,1787258671,0,2026-08-20T20:44:31+00:00
window blind repairs near me,14,14,390,https://www.beautifulblindsandshades.com/services/blind-shade-repair,0,0.00,1790103706,3,2026-09-22T19:01:46+00:00
blinds fort wayne indiana,15,15,70,https://www.beautifulblindsandshades.com/blog-post/motorized-blinds-and-shades-in-fort-wayne,0,0.00,1787337945,0,2026-08-21T18:45:45+00:00
roller shade repair near me,15,15,70,https://www.beautifulblindsandshades.com/services/blind-shade-repair,0,0.00,1788171973,3,2026-08-31T10:26:13+00:00
fort wayne window treatments,15,15,90,https://www.beautifulblindsandshades.com/blog-post/motorized-blinds-and-shades-in-fort-wayne,0,0.00,1787686374,0,2026-08-25T19:32:54+00:00
blind repair,16,16,1900,https://www.beautifulblindsandshades.com/services/blind-shade-repair,2,5.40,1789930924,1,2026-09-20T19:02:04+00:00
blinds cleaners near me,16,16,40,https://www.beautifulblindsandshades.com/services/blind-and-shade-cleaning,0,0.00,1786470747,3,2026-08-11T17:52:27+00:00
window coverings auburn,16,16,170,https://www.beautifulblindsandshades.com/beautiful-blinds-shades-service-areas/window-treatments-auburn-indiana,0,0.00,1786011116,0,2026-08-06T10:11:56+00:00
porch blinds near me,16,16,40,https://www.beautifulblindsandshades.com/services/outdoor-shades,0,0.00,1787948575,3,2026-08-28T20:22:55+00:00
outdoor window shades near me,16,16,30,https://www.beautifulblindsandshades.com/services/outdoor-shades,0,0.00,1787691901,3,2026-08-25T21:05:01+00:00
custom patio shades near me,16,16,40,https://www.beautifulblindsandshades.com/services/outdoor-shades,0,0.00,1787087563,3,2026-08-18T21:12:43+00:00
window shades repair near me,16,16,170,https://www.beautifulblindsandshades.com/services/blind-shade-repair,0,0.00,1789241775,3,2026-09-12T19:36:15+00:00
roman shade repair near me,17,17,140,https://www.beautifulblindsandshades.com/services/blind-shade-repair,0,0.00,1787941757,3,2026-08-28T18:29:17+00:00
patio sun shades near me,17,17,70,https://www.beautifulblindsandshades.com/services/outdoor-shades,0,0.00,1789768469,3,2026-09-18T21:54:29+00:00
blind repair shops near me,17,17,50,https://www.beautifulblindsandshades.com/services/blind-shade-repair,0,0.00,1788155098,3,2026-08-31T05:44:58+00:00
who fixes blinds near me,17,17,40,https://www.beautifulblindsandshades.com/services/blind-shade-repair,0,0.00,1789345808,3,2026-09-14T00:30:08+00:00
blinds cleaning near me,18,18,390,https://www.beautifulblindsandshades.com/services/blind-and-shade-cleaning,0,0.00,1785467882,3,2026-07-31T03:18:02+00:00
roller shades installers parker lane,18,18,50,https://www.beautifulblindsandshades.com/beautiful-blinds-shades-service-areas/blinds-and-shades-fort-wayne-indiana,0,0.00,1786356179,0,2026-08-10T10:02:59+00:00
blind string repair near me,18,18,40,https://www.beautifulblindsandshades.com/services/blind-shade-repair,0,0.00,1786346080,3,2026-08-10T07:14:40+00:00
blinds repairs near me,18,18,1000,https://www.beautifulblindsandshades.com/services/blind-shade-repair,1,2.70,1789369355,3,2026-09-14T07:02:35+00:00
cellular blind repair near me,18,18,210,https://www.beautifulblindsandshades.com/services/blind-shade-repair,0,0.00,1786291812,3,2026-08-09T16:10:12+00:00
window blinds repair,19,19,1000,https://www.beautifulblindsandshades.com/services/blind-shade-repair,1,2.70,1790154291,1,2026-09-23T09:04:51+00:00
repair of blinds,19,19,110,https://www.beautifulblindsandshades.com/services/blind-shade-repair,0,0.00,1790174971,1,2026-09-23T14:49:31+00:00
patio shades near me,19,19,320,https://www.beautifulblindsandshades.com/services/outdoor-shades,0,0.00,1786601342,3,2026-08-13T06:09:02+00:00
outdoor shade installation near me,19,19,70,https://www.beautifulblindsandshades.com/services/outdoor-shades,0,0.00,1785451717,3,2026-07-30T22:48:37+00:00
restring blinds near me,19,19,260,https://www.beautifulblindsandshades.com/services/blind-shade-repair,0,0.00,1787301771,3,2026-08-21T08:42:51+00:00
custom outdoor shades near me,19,19,170,https://www.beautifulblindsandshades.com/services/outdoor-shades,0,0.00,1789246601,3,2026-09-12T20:56:41+00:00
pleated shade repair near me,19,19,30,https://www.beautifulblindsandshades.com/services/blind-shade-repair,0,0.00,1786759053,3,2026-08-15T01:57:33+00:00
auburn blinds,19,19,140,https://www.beautifulblindsandshades.com/beautiful-blinds-shades-service-areas/window-treatments-auburn-indiana,0,0.00,1787781861,"0,2",2026-08-26T22:04:21+00:00
outdoor shades for patio near me,19,19,40,https://www.beautifulblindsandshades.com/services/outdoor-shades,0,0.00,1785893471,3,2026-08-05T01:31:11+00:00
blind repair shops,19,19,30,https://www.beautifulblindsandshades.com/services/blind-shade-repair,0,0.00,1787115742,0,2026-08-19T05:02:22+00:00
outdoor solar shades near me,19,19,50,https://www.beautifulblindsandshades.com/services/outdoor-shades,0,0.00,1787692652,3,2026-08-25T21:17:32+00:00
blinds service near me,19,19,50,https://www.beautifulblindsandshades.com/services/blind-shade-repair,0,0.00,1788277604,3,2026-09-01T15:46:44+00:00
sunshades near me,19,19,90,https://www.beautifulblindsandshades.com/services/outdoor-shades,0,0.00,1787123128,3,2026-08-19T07:05:28+00:00
blinds cutting service,19,19,40,https://www.beautifulblindsandshades.com/services/blind-shade-repair,0,0.00,1786255675,0,2026-08-09T06:07:55+00:00
window blinds repairs near me,20,20,50,https://www.beautifulblindsandshades.com/services/blind-shade-repair,0,0.00,1789681899,3,2026-09-17T21:51:39+00:00
patio sun shades near me,20,20,70,https://www.beautifulblindsandshades.com/services/outdoor-shades,0,0.00,1789768469,3,2026-09-18T21:54:29+00:00
blind cutting service,20,20,50,https://www.beautifulblindsandshades.com/services/blind-shade-repair,0,0.00,1786250755,0,2026-08-09T04:45:55+00:00
shade repair,20,20,260,https://www.beautifulblindsandshades.com/services/blind-shade-repair,0,0.00,1787303663,3,2026-08-21T09:14:23+00:00
exterior solar shades near me,20,20,40,https://www.beautifulblindsandshades.com/services/outdoor-shades,0,0.00,1786253528,3,2026-08-09T05:32:08+00:00
patio shades near me,20,20,320,https://www.beautifulblindsandshades.com/services/outdoor-shades,0,0.00,1786601342,3,2026-08-13T06:09:02+00:00
blind repairs,20,20,480,https://www.beautifulblindsandshades.com/services/blind-shade-repair,0,0.00,1785795443,0,2026-08-03T22:17:23+00:00
fix blinds near me,20,20,210,https://www.beautifulblindsandshades.com/services/blind-shade-repair,0,0.00,1787786184,3,2026-08-26T23:16:24+00:00
custom outdoor shades near me,20,20,170,https://www.beautifulblindsandshades.com/services/outdoor-shades,0,0.00,1789246601,3,2026-09-12T20:56:41+00:00
venetian blinds repair near me,20,20,70,https://www.beautifulblindsandshades.com/services/blind-shade-repair,0,0.00,1787140038,3,2026-08-19T11:47:18+00:00
window shade repair near me,20,20,590,https://www.beautifulblindsandshades.com/services/blind-shade-repair,0,0.00,1785640797,3,2026-08-02T03:19:57+00:00
mini blind repair near me,20,20,170,https://www.beautifulblindsandshades.com/services/blind-shade-repair,0,0.00,1786765200,3,2026-08-15T03:40:00+00:00
beautiful windows blinds,20,20,70,https://www.beautifulblindsandshades.com/,0,0.00,1787104769,"1,3",2026-08-19T01:59:29+00:00
window blinds fort wayne,20,20,70,https://www.beautifulblindsandshades.com/blog-post/motorized-blinds-and-shades-in-fort-wayne,0,0.00,1789478912,0,2026-09-15T13:28:32+00:00
outdoor solar shades near me,20,20,50,https://www.beautifulblindsandshades.com/services/outdoor-shades,0,0.00,1787692652,3,2026-08-25T21:17:32+00:00
blinds repairing,20,20,170,https://www.beautifulblindsandshades.com/services/blind-shade-repair,0,0.00,1785989518,1,2026-08-06T04:11:58+00:00
exterior window shades near me,21,21,70,https://www.beautifulblindsandshades.com/services/outdoor-shades,0,0.00,1786942432,3,2026-08-17T04:53:52+00:00
window blind repair service near me,21,21,70,https://www.beautifulblindsandshades.com/services/blind-shade-repair,0,0.00,1786739457,3,2026-08-14T20:30:57+00:00
mini blinds repair near me,21,21,40,https://www.beautifulblindsandshades.com/services/blind-shade-repair,0,0.00,1785472992,3,2026-07-31T04:43:12+00:00
blinds repaired,21,21,90,https://www.beautifulblindsandshades.com/services/blind-shade-repair,0,0.00,1785782654,0,2026-08-03T18:44:14+00:00
blinds fort wayne,21,21,140,https://www.beautifulblindsandshades.com/blog-post/motorized-blinds-and-shades-in-fort-wayne,0,0.00,1786670134,0,2026-08-14T01:15:34+00:00
best blinds fort wayne indiana,21,21,90,https://www.beautifulblindsandshades.com/products/blinds,0,0.00,1786501003,"0,2",2026-08-12T02:16:43+00:00
window blinds repair service near me,21,21,40,https://www.beautifulblindsandshades.com/services/blind-shade-repair,0,0.00,1790020766,3,2026-09-21T19:59:26+00:00
blind repair shops,21,21,30,https://www.beautifulblindsandshades.com/services/blind-shade-repair,0,0.00,1787115742,0,2026-08-19T05:02:22+00:00
blinds repairs near me,21,21,1000,https://www.beautifulblindsandshades.com/services/blind-shade-repair,1,2.70,1789369355,3,2026-09-14T07:02:35+00:00
cellular blind repair near me,21,21,210,https://www.beautifulblindsandshades.com/services/blind-shade-repair,0,0.00,1786291812,3,2026-08-09T16:10:12+00:00
roller blind repairs,21,21,40,https://www.beautifulblindsandshades.com/services/blind-shade-repair,0,0.00,1789330721,1,2026-09-13T20:18:41+00:00
window blind repairs,21,21,390,https://www.beautifulblindsandshades.com/services/blind-shade-repair,0,0.00,1787312614,0,2026-08-21T11:43:34+00:00
window blind repairs near me,21,21,390,https://www.beautifulblindsandshades.com/services/blind-shade-repair,0,0.00,1790103706,3,2026-09-22T19:01:46+00:00
windows blind repair,22,22,90,https://www.beautifulblindsandshades.com/services/blind-shade-repair,0,0.00,1786931765,1,2026-08-17T01:56:05+00:00
best blinds fort wayne,22,22,110,https://www.beautifulblindsandshades.com/products/blinds,0,0.00,1786409852,"0,2",2026-08-11T00:57:32+00:00
fix it blinds,22,22,90,https://www.beautifulblindsandshades.com/services/blind-shade-repair,0,0.00,1788353899,2,2026-09-02T12:58:19+00:00
blind cleaning,22,22,880,https://www.beautifulblindsandshades.com/services/blind-and-shade-cleaning,0,0.00,1787932814,0,2026-08-28T16:00:14+00:00
outdoor patio shades near me,22,22,90,https://www.beautifulblindsandshades.com/services/outdoor-shades,0,0.00,1789164787,3,2026-09-11T22:13:07+00:00
blind repair shop,22,22,70,https://www.beautifulblindsandshades.com/services/blind-shade-repair,0,0.00,1788265853,0,2026-09-01T12:30:53+00:00
vertical blinds repairs near me,22,22,90,https://www.beautifulblindsandshades.com/services/blind-shade-repair,0,0.00,1788136328,3,2026-08-31T00:32:08+00:00
repair window blinds,22,22,110,https://www.beautifulblindsandshades.com/services/blind-shade-repair,0,0.00,1787308213,1,2026-08-21T10:30:13+00:00
shade repairs,22,22,70,https://www.beautifulblindsandshades.com/services/blind-shade-repair,0,0.00,1785956797,0,2026-08-05T19:06:37+00:00
window treatment repair near me,22,22,50,https://www.beautifulblindsandshades.com/services/blind-shade-repair,0,0.00,1789314428,3,2026-09-13T15:47:08+00:00
vertical blind repairs near me,22,22,170,https://www.beautifulblindsandshades.com/services/blind-shade-repair,0,0.00,1786969558,3,2026-08-17T12:25:58+00:00
repair of blinds for windows,23,23,30,https://www.beautifulblindsandshades.com/services/blind-shade-repair,0,0.00,1786190045,1,2026-08-08T11:54:05+00:00
best place to get blinds near me,23,23,40,https://www.beautifulblindsandshades.com/products/blinds,0,0.00,1788269642,3,2026-09-01T13:34:02+00:00
venetian blind repair near me,23,23,210,https://www.beautifulblindsandshades.com/services/blind-shade-repair,0,0.00,1786741839,3,2026-08-14T21:10:39+00:00
wood blind cleaners,23,23,40,https://www.beautifulblindsandshades.com/services/blind-and-shade-cleaning,0,0.00,1787510852,0,2026-08-23T18:47:32+00:00
fabric blinds cleaning service,23,23,30,https://www.beautifulblindsandshades.com/services/blind-and-shade-cleaning,0,0.00,1787814574,0,2026-08-27T07:09:34+00:00
blind repair service,23,23,720,https://www.beautifulblindsandshades.com/services/blind-shade-repair,1,2.70,1789629915,0,2026-09-17T07:25:15+00:00
roller shades installers biltmore patio,23,23,40,https://www.beautifulblindsandshades.com/services/outdoor-shades,0,0.00,1786942446,0,2026-08-17T04:54:06+00:00
blinds cleaning,23,23,260,https://www.beautifulblindsandshades.com/services/blind-and-shade-cleaning,0,0.00,1786218333,0,2026-08-08T19:45:33+00:00
best place to buy window blinds near me,23,23,110,https://www.beautifulblindsandshades.com/products/blinds,0,0.00,1786964609,3,2026-08-17T11:03:29+00:00
repair of window blinds,23,23,70,https://www.beautifulblindsandshades.com/services/blind-shade-repair,0,0.00,1787324027,1,2026-08-21T14:53:47+00:00
blind and shade repair near me,23,23,70,https://www.beautifulblindsandshades.com/services/blind-shade-repair,0,0.00,1788789807,3,2026-09-07T14:03:27+00:00
roman shade installation cummingsville,23,23,40,https://www.beautifulblindsandshades.com/beautiful-blinds-shades-service-areas/window-treatments-hicksville-indiana,0,0.00,1785843768,1,2026-08-04T11:42:48+00:00
blind repair shop near me,23,23,110,https://www.beautifulblindsandshades.com/services/blind-shade-repair,0,0.00,1788093639,3,2026-08-30T12:40:39+00:00
mobile blind repair near me,23,23,170,https://www.beautifulblindsandshades.com/services/blind-shade-repair,0,0.00,1788327516,3,2026-09-02T05:38:36+00:00
sunshades near me,23,23,90,https://www.beautifulblindsandshades.com/services/outdoor-shades,0,0.00,1787123128,3,2026-08-19T07:05:28+00:00
fix blinds,24,24,170,https://www.beautifulblindsandshades.com/services/blind-shade-repair,0,0.00,1787856516,1,2026-08-27T18:48:36+00:00
wood blinds repair,24,24,110,https://www.beautifulblindsandshades.com/services/blind-shade-repair,0,0.00,1789297556,1,2026-09-13T11:05:56+00:00
exterior-solar-shades near me,24,24,30,https://www.beautifulblindsandshades.com/services/outdoor-shades,0,0.00,1787077257,3,2026-08-18T18:20:57+00:00
exterior roller shades near me,24,24,30,https://www.beautifulblindsandshades.com/services/outdoor-shades,0,0.00,1789490789,3,2026-09-15T16:46:29+00:00
roller blind repairs near me,24,24,30,https://www.beautifulblindsandshades.com/services/blind-shade-repair,0,0.00,1786178990,3,2026-08-08T08:49:50+00:00
window beauty,24,24,40,https://www.beautifulblindsandshades.com/,0,0.00,1785500962,0,2026-07-31T12:29:22+00:00
window blind cleaning,24,24,170,https://www.beautifulblindsandshades.com/services/blind-and-shade-cleaning,0,0.00,1787107278,0,2026-08-19T02:41:18+00:00
who cleans blinds near me,24,24,260,https://www.beautifulblindsandshades.com/services/blind-and-shade-cleaning,0,0.00,1787496148,3,2026-08-23T14:42:28+00:00
window blind cleaning service,24,24,170,https://www.beautifulblindsandshades.com/services/blind-and-shade-cleaning,0,0.00,1786611029,0,2026-08-13T08:50:29+00:00
cordless blind repair near me,24,24,30,https://www.beautifulblindsandshades.com/services/blind-shade-repair,0,0.00,1785402996,3,2026-07-30T09:16:36+00:00
window shade repair,25,25,590,https://www.beautifulblindsandshades.com/services/blind-shade-repair,0,0.00,1787803356,0,2026-08-27T04:02:36+00:00
cheap blinds for windows near me,25,25,40,https://www.beautifulblindsandshades.com/products/blinds,0,0.00,1788119981,3,2026-08-30T19:59:41+00:00
cheap blinds installation near me,25,25,30,https://www.beautifulblindsandshades.com/products/blinds,0,0.00,1789346975,3,2026-09-14T00:49:35+00:00
viewpoint window works,25,25,50,https://www.beautifulblindsandshades.com/beautiful-blinds-shades-service-areas/custom-window-treatments-in-huntertown-indiana,0,0.00,1785797292,"1,3",2026-08-03T22:48:12+00:00
blind cleaning near me,25,25,390,https://www.beautifulblindsandshades.com/services/blind-and-shade-cleaning,0,0.00,1786249327,3,2026-08-09T04:22:07+00:00
window shades repair near me,25,25,170,https://www.beautifulblindsandshades.com/services/blind-shade-repair,0,0.00,1789241775,3,2026-09-12T19:36:15+00:00
repair my blinds,25,25,90,https://www.beautifulblindsandshades.com/services/blind-shade-repair,0,0.00,1788219790,2,2026-08-31T23:43:10+00:00
vertical blind repair near me,25,25,390,https://www.beautifulblindsandshades.com/services/blind-shade-repair,0,0.00,1785715858,3,2026-08-03T00:10:58+00:00
exterior shades near me,25,25,90,https://www.beautifulblindsandshades.com/services/outdoor-shades,0,0.00,1787789201,3,2026-08-27T00:06:41+00:00
window blinds repair near me,26,26,880,https://www.beautifulblindsandshades.com/services/blind-shade-repair,1,2.70,1788720084,3,2026-09-06T18:41:24+00:00
wooden blind repair,26,26,40,https://www.beautifulblindsandshades.com/services/blind-shade-repair,0,0.00,1788227460,1,2026-09-01T01:51:00+00:00
custom mini blinds near me,26,17,90,https://www.beautifulblindsandshades.com/products/blinds,0,0.00,1790261758,3,2026-09-24T14:55:58+00:00
amazing clean blinds,26,26,210,https://www.beautifulblindsandshades.com/services/blind-and-shade-cleaning,0,0.00,1789404776,1,2026-09-14T16:52:56+00:00
blind and shade repair,26,26,30,https://www.beautifulblindsandshades.com/services/blind-shade-repair,0,0.00,1787098289,1,2026-08-19T00:11:29+00:00
discount blinds near me,26,26,720,https://www.beautifulblindsandshades.com/products/blinds,0,0.00,1789164588,3,2026-09-11T22:09:48+00:00
motorized shade repair near me,26,26,30,https://www.beautifulblindsandshades.com/services/blind-shade-repair,0,0.00,1789330814,3,2026-09-13T20:20:14+00:00
cheap blinds near me,26,26,590,https://www.beautifulblindsandshades.com/products/blinds,0,0.00,1787679239,3,2026-08-25T17:33:59+00:00
bali blind repair near me,26,26,90,https://www.beautifulblindsandshades.com/services/blind-shade-repair,0,0.00,1789930891,3,2026-09-20T19:01:31+00:00
repair blinds near me,26,26,170,https://www.beautifulblindsandshades.com/services/blind-shade-repair,0,0.00,1789338034,3,2026-09-13T22:20:34+00:00
best blinds company near me,26,26,70,https://www.beautifulblindsandshades.com/products/blinds,0,0.00,1788208516,3,2026-08-31T20:35:16+00:00
window and blind cleaning,26,26,170,https://www.beautifulblindsandshades.com/services/blind-and-shade-cleaning,0,0.00,1785917733,0,2026-08-05T08:15:33+00:00
window blinds cleaners near me,26,26,30,https://www.beautifulblindsandshades.com/services/blind-and-shade-cleaning,0,0.00,1787700323,3,2026-08-25T23:25:23+00:00
blind cutting services,26,26,30,https://www.beautifulblindsandshades.com/services/blind-shade-repair,0,0.00,1789349314,0,2026-09-14T01:28:34+00:00
roman shades mount auburn,26,26,40,https://www.beautifulblindsandshades.com/beautiful-blinds-shades-service-areas/window-treatments-auburn-indiana,0,0.00,1787107767,0,2026-08-19T02:49:27+00:00
places to buy blinds near me,27,27,30,https://www.beautifulblindsandshades.com/products/blinds,0,0.00,1787695996,3,2026-08-25T22:13:16+00:00
sun shade company near me,27,27,50,https://www.beautifulblindsandshades.com/services/outdoor-shades,0,0.00,1787027224,3,2026-08-18T04:27:04+00:00
professional blind cleaning near me,27,27,40,https://www.beautifulblindsandshades.com/services/blind-and-shade-cleaning,0,0.00,1786084603,3,2026-08-07T06:36:43+00:00
custom window treatments in zionsville in,27,27,40,https://www.beautifulblindsandshades.com/beautiful-blinds-shades-service-areas/window-treatments-bluffton-indiana,0,0.00,1786041055,0,2026-08-06T18:30:55+00:00
best place to buy blinds near me,27,27,90,https://www.beautifulblindsandshades.com/products/blinds,0,0.00,1788359982,3,2026-09-02T14:39:42+00:00
outdoor shade companies near me,27,27,90,https://www.beautifulblindsandshades.com/services/outdoor-shades,0,0.00,1788460559,3,2026-09-03T18:35:59+00:00
repair blinds,27,27,390,https://www.beautifulblindsandshades.com/services/blind-shade-repair,0,0.00,1789257623,1,2026-09-13T00:00:23+00:00
window treatments fort wayne,28,28,90,https://www.beautifulblindsandshades.com/blog-post/custom-roller-shades-fort-wayne-open-concept-homes,0,0.00,1787259820,0,2026-08-20T21:03:40+00:00
repair of blinds for windows,28,28,30,https://www.beautifulblindsandshades.com/services/blind-shade-repair,0,0.00,1786190045,1,2026-08-08T11:54:05+00:00
window blind cleaning near me,28,28,140,https://www.beautifulblindsandshades.com/services/blind-and-shade-cleaning,0,0.00,1787788107,3,2026-08-26T23:48:27+00:00
blind cleaning services,28,28,260,https://www.beautifulblindsandshades.com/services/blind-and-shade-cleaning,0,0.00,1787733675,0,2026-08-26T08:41:15+00:00
shades repair,28,28,210,https://www.beautifulblindsandshades.com/services/blind-shade-repair,0,0.00,1786625768,0,2026-08-13T12:56:08+00:00
patio shade madison,28,28,50,https://www.beautifulblindsandshades.com/services/outdoor-shades,0,0.00,1785809340,0,2026-08-04T02:09:00+00:00
custom blinds installation thompsonville,28,28,70,https://www.beautifulblindsandshades.com/beautiful-blinds-shades-service-areas/window-treatments-hicksville-indiana,0,0.00,1788921976,0,2026-09-09T02:46:16+00:00
window treatments fort wayne indiana,28,28,90,https://www.beautifulblindsandshades.com/about-beautiful-blinds-and-shades,0,0.00,1788634706,0,2026-09-05T18:58:26+00:00
shades repair near me,28,28,90,https://www.beautifulblindsandshades.com/services/blind-shade-repair,0,0.00,1787315336,3,2026-08-21T12:28:56+00:00
blinds cleaning services,28,28,30,https://www.beautifulblindsandshades.com/services/blind-and-shade-cleaning,0,0.00,1785498625,0,2026-07-31T11:50:25+00:00
vertical blinds repair near me,28,28,140,https://www.beautifulblindsandshades.com/services/blind-shade-repair,0,0.00,1787857043,3,2026-08-27T18:57:23+00:00
where to buy window blinds near me,28,28,390,https://www.beautifulblindsandshades.com/products/blinds,0,0.00,1790128716,3,2026-09-23T01:58:36+00:00
blinds repair shop,28,28,70,https://www.beautifulblindsandshades.com/services/blind-shade-repair,0,0.00,1787169759,0,2026-08-19T20:02:39+00:00
blind installation & repair inc,29,29,140,https://www.beautifulblindsandshades.com/services/blind-shade-repair,0,0.00,1788170969,2,2026-08-31T10:09:29+00:00
sun shade companies near me,29,29,40,https://www.beautifulblindsandshades.com/services/outdoor-shades,0,0.00,1788634435,3,2026-09-05T18:53:55+00:00
window blinds cleaning near me,29,29,40,https://www.beautifulblindsandshades.com/services/blind-and-shade-cleaning,0,0.00,1789394164,3,2026-09-14T13:56:04+00:00
professional blind cleaners,29,29,30,https://www.beautifulblindsandshades.com/services/blind-and-shade-cleaning,0,0.00,1787094074,0,2026-08-18T23:01:14+00:00
custom blinds nearby,29,29,40,https://www.beautifulblindsandshades.com/products/blinds,0,0.00,1787915823,3,2026-08-28T11:17:03+00:00
shades repair,29,29,210,https://www.beautifulblindsandshades.com/services/blind-shade-repair,0,0.00,1786625768,0,2026-08-13T12:56:08+00:00
mobile blind cleaning near me,29,29,40,https://www.beautifulblindsandshades.com/services/blind-and-shade-cleaning,0,0.00,1785983760,3,2026-08-06T02:36:00+00:00
blinds for windows near me,29,29,2900,https://www.beautifulblindsandshades.com/products/blinds,2,5.40,1789849215,3,2026-09-19T20:20:15+00:00
window blind cleaners near me,29,29,40,https://www.beautifulblindsandshades.com/services/blind-and-shade-cleaning,0,0.00,1789884127,3,2026-09-20T06:02:07+00:00
sun shade companies near me,30,30,40,https://www.beautifulblindsandshades.com/services/outdoor-shades,0,0.00,1788634435,3,2026-09-05T18:53:55+00:00
window treatments repair,30,30,70,https://www.beautifulblindsandshades.com/services/blind-shade-repair,0,0.00,1786253692,0,2026-08-09T05:34:52+00:00
wood blind cleaners,30,30,40,https://www.beautifulblindsandshades.com/services/blind-and-shade-cleaning,0,0.00,1787510852,0,2026-08-23T18:47:32+00:00
shade repair service near me,30,30,30,https://www.beautifulblindsandshades.com/services/blind-shade-repair,0,0.00,1786255479,3,2026-08-09T06:04:39+00:00
coleman's flooring and blinds,30,30,70,https://www.beautifulblindsandshades.com/,0,0.00,1787979625,2,2026-08-29T05:00:25+00:00
windows and blinds cleaning,30,30,70,https://www.beautifulblindsandshades.com/services/blind-and-shade-cleaning,0,0.00,1786658914,0,2026-08-13T22:08:34+00:00
professional blind cleaners,30,30,30,https://www.beautifulblindsandshades.com/services/blind-and-shade-cleaning,0,0.00,1787094074,0,2026-08-18T23:01:14+00:00
custom blinds nearby,30,30,40,https://www.beautifulblindsandshades.com/products/blinds,0,0.00,1787915823,3,2026-08-28T11:17:03+00:00
custom sun shades near me,30,30,40,https://www.beautifulblindsandshades.com/services/outdoor-shades,0,0.00,1787723556,3,2026-08-26T05:52:36+00:00
custom blinds medical district,30,30,50,https://www.beautifulblindsandshades.com/beautiful-blinds-shades-service-areas/blinds-and-shades-fort-wayne-indiana,0,0.00,1787018820,0,2026-08-18T02:07:00+00:00
shades repair service,31,31,70,https://www.beautifulblindsandshades.com/services/blind-shade-repair,0,0.00,1787120955,1,2026-08-19T06:29:15+00:00
shade repair,31,31,260,https://www.beautifulblindsandshades.com/services/blind-shade-repair,0,0.00,1787303663,3,2026-08-21T09:14:23+00:00
window blinds cleaning service near me,31,31,90,https://www.beautifulblindsandshades.com/services/blind-and-shade-cleaning,0,0.00,1787114208,3,2026-08-19T04:36:48+00:00
blinds and shades repair,31,31,30,https://www.beautifulblindsandshades.com/services/blind-shade-repair,0,0.00,1787096743,0,2026-08-18T23:45:43+00:00
buy blinds near me,31,31,140,https://www.beautifulblindsandshades.com/products/blinds,0,0.00,1786402296,3,2026-08-10T22:51:36+00:00
plantation shutters nearby,31,31,170,https://www.beautifulblindsandshades.com/products/plantation-shutters,0,0.00,1788148610,3,2026-08-31T03:56:50+00:00
window shades repair,31,31,90,https://www.beautifulblindsandshades.com/services/blind-shade-repair,0,0.00,1787008085,0,2026-08-17T23:08:05+00:00
blinds cleaning near me,31,31,390,https://www.beautifulblindsandshades.com/services/blind-and-shade-cleaning,0,0.00,1785467882,3,2026-07-31T03:18:02+00:00
fort wayne window treatments,31,31,90,https://www.beautifulblindsandshades.com/blog-post/custom-roller-shades-fort-wayne-open-concept-homes,0,0.00,1787686374,0,2026-08-25T19:32:54+00:00
blind+repair,31,31,50,https://www.beautifulblindsandshades.com/services/blind-shade-repair,0,0.00,1786678157,0,2026-08-14T03:29:17+00:00
blind cleaning services near me,31,31,210,https://www.beautifulblindsandshades.com/services/blind-and-shade-cleaning,0,0.00,1787249859,3,2026-08-20T18:17:39+00:00
cordless blind repair near me,31,31,30,https://www.beautifulblindsandshades.com/services/blind-shade-repair,0,0.00,1785402996,3,2026-07-30T09:16:36+00:00
repairs to blinds,31,23,90,https://www.beautifulblindsandshades.com/services/blind-shade-repair,0,0.00,1790269030,1,2026-09-24T16:57:10+00:00
blind repair company,32,32,30,https://www.beautifulblindsandshades.com/services/blind-shade-repair,0,0.00,1787096278,0,2026-08-18T23:37:58+00:00
swifty blind cleaning,32,32,50,https://www.beautifulblindsandshades.com/services/blind-and-shade-cleaning,0,0.00,1789888439,2,2026-09-20T07:13:59+00:00
professional blind cleaning,32,32,170,https://www.beautifulblindsandshades.com/services/blind-and-shade-cleaning,0,0.00,1789684225,0,2026-09-17T22:30:25+00:00
window-blinds near me,32,32,50,https://www.beautifulblindsandshades.com/products/blinds,0,0.00,1787689454,3,2026-08-25T20:24:14+00:00
blind and window cleaning,32,32,90,https://www.beautifulblindsandshades.com/services/blind-and-shade-cleaning,0,0.00,1786049137,0,2026-08-06T20:45:37+00:00
window blinds for sale near me,32,32,260,https://www.beautifulblindsandshades.com/products/blinds,0,0.00,1789369253,3,2026-09-14T07:00:53+00:00
window treatments country walk,32,32,90,https://www.beautifulblindsandshades.com/blog-post/motorized-blinds-and-shades-in-fort-wayne,0,0.00,1787221110,0,2026-08-20T10:18:30+00:00
roman shade installation cummingsville,32,32,40,https://www.beautifulblindsandshades.com/beautiful-blinds-shades-service-areas/window-treatments-hicksville-indiana,0,0.00,1785843768,1,2026-08-04T11:42:48+00:00
venetian blind cleaners near me,32,32,40,https://www.beautifulblindsandshades.com/services/blind-and-shade-cleaning,0,0.00,1787297113,3,2026-08-21T07:25:13+00:00
roller blinds cleaning service,33,33,110,https://www.beautifulblindsandshades.com/services/blind-and-shade-cleaning,0,0.00,1789296504,0,2026-09-13T10:48:24+00:00
plantations shutters near me,33,33,320,https://www.beautifulblindsandshades.com/products/plantation-shutters,0,0.00,1789973004,3,2026-09-21T06:43:24+00:00
blinds cleaning services,33,33,30,https://www.beautifulblindsandshades.com/services/blind-and-shade-cleaning,0,0.00,1785498625,0,2026-07-31T11:50:25+00:00
blind cleaning service,33,33,590,https://www.beautifulblindsandshades.com/services/blind-and-shade-cleaning,0,0.00,1787633616,0,2026-08-25T04:53:36+00:00
blind shade repair,33,33,90,https://www.beautifulblindsandshades.com/services/blind-shade-repair,0,0.00,1788245928,3,2026-09-01T06:58:48+00:00
window blind cleaning services near me,33,33,40,https://www.beautifulblindsandshades.com/services/blind-and-shade-cleaning,0,0.00,1788691887,3,2026-09-06T10:51:27+00:00
window treatments auburn,33,33,50,https://www.beautifulblindsandshades.com/beautiful-blinds-shades-service-areas/window-treatments-auburn-indiana,0,0.00,1787691998,0,2026-08-25T21:06:38+00:00
vertical blind repair near me,33,33,390,https://www.beautifulblindsandshades.com/services/blind-shade-repair,0,0.00,1785715858,3,2026-08-03T00:10:58+00:00
repair shades,33,33,70,https://www.beautifulblindsandshades.com/services/blind-shade-repair,0,0.00,1788195780,1,2026-08-31T17:03:00+00:00
repair window shades,34,34,720,https://www.beautifulblindsandshades.com/services/blind-shade-repair,0,0.00,1787511357,3,2026-08-23T18:55:57+00:00
blinds fort wayne indiana,34,34,70,https://www.beautifulblindsandshades.com/blog-post/custom-roller-shades-fort-wayne-open-concept-homes,0,0.00,1787337945,0,2026-08-21T18:45:45+00:00
professional blind cleaning near me,34,34,40,https://www.beautifulblindsandshades.com/services/blind-and-shade-cleaning,0,0.00,1786084603,3,2026-08-07T06:36:43+00:00
blinds sales near me,34,34,30,https://www.beautifulblindsandshades.com/products/blinds,0,0.00,1789313575,3,2026-09-13T15:32:55+00:00
blind cleaning services,34,34,260,https://www.beautifulblindsandshades.com/services/blind-and-shade-cleaning,0,0.00,1787733675,0,2026-08-26T08:41:15+00:00
home window blinds near me,34,34,90,https://www.beautifulblindsandshades.com/products/blinds,0,0.00,1789564244,3,2026-09-16T13:10:44+00:00
fix my blinds location,34,34,320,https://www.beautifulblindsandshades.com/services/blind-shade-repair,0,0.00,1788924175,2,2026-09-09T03:22:55+00:00
blind installation and repair,34,34,260,https://www.beautifulblindsandshades.com/services/blind-shade-repair,0,0.00,1787829793,1,2026-08-27T11:23:13+00:00
blind and window cleaning service,34,34,70,https://www.beautifulblindsandshades.com/services/blind-and-shade-cleaning,0,0.00,1787217051,0,2026-08-20T09:10:51+00:00
window and blinds cleaning,35,35,50,https://www.beautifulblindsandshades.com/services/blind-and-shade-cleaning,0,0.00,1789470400,1,2026-09-15T11:06:40+00:00
blinds repair service,35,35,210,https://www.beautifulblindsandshades.com/services/blind-shade-repair,0,0.00,1787603548,1,2026-08-24T20:32:28+00:00
coleman's flooring & blinds,35,35,110,https://www.beautifulblindsandshades.com/,0,0.00,1786987211,2,2026-08-17T17:20:11+00:00
measure and install blinds near me,35,35,40,https://www.beautifulblindsandshades.com/products/blinds,0,0.00,1788536425,3,2026-09-04T15:40:25+00:00
where can i buy blinds near me,35,35,210,https://www.beautifulblindsandshades.com/products/blinds,0,0.00,1789312474,3,2026-09-13T15:14:34+00:00
blind repairs near me,35,35,1900,https://www.beautifulblindsandshades.com/services/blind-shade-repair,1,2.70,1789949181,3,2026-09-21T00:06:21+00:00
professional blind cleaning services,35,35,110,https://www.beautifulblindsandshades.com/services/blind-and-shade-cleaning,0,0.00,1789614705,0,2026-09-17T03:11:45+00:00
blind cleaning company near me,35,35,110,https://www.beautifulblindsandshades.com/services/blind-and-shade-cleaning,0,0.00,1787022999,3,2026-08-18T03:16:39+00:00
budget blinds fort wayne,35,35,50,https://www.beautifulblindsandshades.com/,0,0.00,1788747473,2,2026-09-07T02:17:53+00:00
window blind cleaning services,36,36,30,https://www.beautifulblindsandshades.com/services/blind-and-shade-cleaning,0,0.00,1787951271,0,2026-08-28T21:07:51+00:00
window blinds near me,36,36,9900,https://www.beautifulblindsandshades.com/products/blinds,2,5.40,1789979898,3,2026-09-21T08:38:18+00:00
install blinds near me,36,36,590,https://www.beautifulblindsandshades.com/products/blinds,0,0.00,1788784964,3,2026-09-07T12:42:44+00:00
local blind company near me,36,36,40,https://www.beautifulblindsandshades.com/products/blinds,0,0.00,1787253584,3,2026-08-20T19:19:44+00:00
curtains repair near me,36,36,40,https://www.beautifulblindsandshades.com/services/blind-shade-repair,0,0.00,1787283778,3,2026-08-21T03:42:58+00:00
interior shutters near me,36,36,480,https://www.beautifulblindsandshades.com/products/plantation-shutters,0,0.00,1787489481,3,2026-08-23T12:51:21+00:00
blinds repair cost,36,36,110,https://www.beautifulblindsandshades.com/services/blind-shade-repair,0,0.00,1788288871,1,2026-09-01T18:54:31+00:00
mobile blind cleaning service near me,36,36,70,https://www.beautifulblindsandshades.com/services/blind-and-shade-cleaning,0,0.00,1786318530,3,2026-08-09T23:35:30+00:00
blind installers near me,36,36,590,https://www.beautifulblindsandshades.com/products/blinds,0,0.00,1786455399,3,2026-08-11T13:36:39+00:00
blinds cleaning service,37,37,260,https://www.beautifulblindsandshades.com/services/blind-and-shade-cleaning,0,0.00,1789113267,0,2026-09-11T07:54:27+00:00
local blinds store near me,37,37,30,https://www.beautifulblindsandshades.com/products/blinds,0,0.00,1789248029,3,2026-09-12T21:20:29+00:00
professional blind installation near me,37,37,40,https://www.beautifulblindsandshades.com/products/blinds,0,0.00,1787252771,3,2026-08-20T19:06:11+00:00
buy window blinds near me,37,37,90,https://www.beautifulblindsandshades.com/products/blinds,0,0.00,1789321896,3,2026-09-13T17:51:36+00:00
bali blinds repair near me,37,37,110,https://www.beautifulblindsandshades.com/services/blind-shade-repair,0,0.00,1789296813,"2,3",2026-09-13T10:53:33+00:00
blinds cleaners,37,37,40,https://www.beautifulblindsandshades.com/services/blind-and-shade-cleaning,0,0.00,1789732703,0,2026-09-18T11:58:23+00:00
best custom blinds near me,37,37,30,https://www.beautifulblindsandshades.com/products/blinds,0,0.00,1789301496,3,2026-09-13T12:11:36+00:00
blinds and installation near me,38,38,50,https://www.beautifulblindsandshades.com/products/blinds,0,0.00,1790121883,3,2026-09-23T00:04:43+00:00
blinds for window near me,38,38,30,https://www.beautifulblindsandshades.com/products/blinds,0,0.00,1789667979,3,2026-09-17T17:59:39+00:00
window blind installers near me,38,38,90,https://www.beautifulblindsandshades.com/products/blinds,0,0.00,1786938254,3,2026-08-17T03:44:14+00:00
custom plantation shutter dealers near me,38,38,40,https://www.beautifulblindsandshades.com/products/plantation-shutters,0,0.00,1786868577,3,2026-08-16T08:22:57+00:00
best blinds fort wayne indiana,38,38,90,https://www.beautifulblindsandshades.com/beautiful-blinds-shades-service-areas/blinds-and-shades-fort-wayne-indiana,0,0.00,1786501003,"0,2",2026-08-12T02:16:43+00:00
custom plantation shutters near me,38,38,320,https://www.beautifulblindsandshades.com/products/plantation-shutters,0,0.00,1785902259,3,2026-08-05T03:57:39+00:00
plantation shutters installation old enfield,38,38,50,https://www.beautifulblindsandshades.com/products/plantation-shutters,0,0.00,1788220826,1,2026-09-01T00:00:26+00:00
best blinds companies near me,38,38,40,https://www.beautifulblindsandshades.com/products/blinds,0,0.00,1788599498,3,2026-09-05T09:11:38+00:00
wood interior shutters near me,39,39,50,https://www.beautifulblindsandshades.com/products/plantation-shutters,0,0.00,1789233302,3,2026-09-12T17:15:02+00:00
install window blinds near me,39,39,260,https://www.beautifulblindsandshades.com/products/blinds,0,0.00,1787341996,3,2026-08-21T19:53:16+00:00
installed interior shutters near me,39,39,40,https://www.beautifulblindsandshades.com/products/plantation-shutters,0,0.00,1788598954,3,2026-09-05T09:02:34+00:00
custom plantation shutter dealer nearby,39,39,40,https://www.beautifulblindsandshades.com/products/plantation-shutters,0,0.00,1789993885,3,2026-09-21T12:31:25+00:00
blinds places near me,39,39,140,https://www.beautifulblindsandshades.com/products/blinds,0,0.00,1788465608,3,2026-09-03T20:00:08+00:00
vertical blind cleaning services,40,40,90,https://www.beautifulblindsandshades.com/services/blind-and-shade-cleaning,0,0.00,1788365405,0,2026-09-02T16:10:05+00:00
blind installation near me,40,40,1600,https://www.beautifulblindsandshades.com/products/blinds,0,0.00,1788670205,3,2026-09-06T04:50:05+00:00
clean a blind,40,40,210,https://www.beautifulblindsandshades.com/services/blind-and-shade-cleaning,0,0.00,1789150154,1,2026-09-11T18:09:14+00:00
shade and blinds near me,40,40,170,https://www.beautifulblindsandshades.com/products/blinds,0,0.00,1789234219,3,2026-09-12T17:30:19+00:00
wooden plantation shutters near me,40,40,50,https://www.beautifulblindsandshades.com/products/plantation-shutters,0,0.00,1788303860,3,2026-09-01T23:04:20+00:00
blinds places near me,40,40,140,https://www.beautifulblindsandshades.com/products/blinds,0,0.00,1788465608,3,2026-09-03T20:00:08+00:00
blind sales near me,40,40,110,https://www.beautifulblindsandshades.com/products/blinds,0,0.00,1788099442,3,2026-08-30T14:17:22+00:00
window shutters interior near me,41,41,210,https://www.beautifulblindsandshades.com/products/plantation-shutters,0,0.00,1787452597,3,2026-08-23T02:36:37+00:00
blind and window cleaning,41,41,90,https://www.beautifulblindsandshades.com/services/blind-and-shade-cleaning,0,0.00,1786049137,0,2026-08-06T20:45:37+00:00
blinds fort wayne,41,41,140,https://www.beautifulblindsandshades.com/about-beautiful-blinds-and-shades,0,0.00,1786670134,0,2026-08-14T01:15:34+00:00
best plantation shutters near me,41,41,90,https://www.beautifulblindsandshades.com/products/plantation-shutters,0,0.00,1786032799,3,2026-08-06T16:13:19+00:00
blind cleaning service near me,42,42,320,https://www.beautifulblindsandshades.com/services/blind-and-shade-cleaning,0,0.00,1785732469,3,2026-08-03T04:47:49+00:00
interior plantation shutters near me,42,42,140,https://www.beautifulblindsandshades.com/products/plantation-shutters,0,0.00,1786928368,3,2026-08-17T00:59:28+00:00
swifty blind cleaning,42,42,50,https://www.beautifulblindsandshades.com/services/blind-and-shade-cleaning,0,0.00,1789888439,2,2026-09-20T07:13:59+00:00
window blinds installers near me,42,42,40,https://www.beautifulblindsandshades.com/products/blinds,0,0.00,1787293290,3,2026-08-21T06:21:30+00:00
blind cleaning company,42,36,40,https://www.beautifulblindsandshades.com/services/blind-and-shade-cleaning,0,0.00,1790239765,0,2026-09-24T08:49:25+00:00
plantation shutters near,42,42,140,https://www.beautifulblindsandshades.com/products/plantation-shutters,0,0.00,1788325691,0,2026-09-02T05:08:11+00:00
window treatment repair,42,42,70,https://www.beautifulblindsandshades.com/services/blind-shade-repair,0,0.00,1789149986,0,2026-09-11T18:06:26+00:00
windows blinds near me,43,43,170,https://www.beautifulblindsandshades.com/products/blinds,0,0.00,1789272911,3,2026-09-13T04:15:11+00:00
vertical blind cleaning services,43,43,90,https://www.beautifulblindsandshades.com/services/blind-and-shade-cleaning,0,0.00,1788365405,0,2026-09-02T16:10:05+00:00
best blinds fort wayne,43,43,110,https://www.beautifulblindsandshades.com/beautiful-blinds-shades-service-areas/blinds-and-shades-fort-wayne-indiana,0,0.00,1786409852,"0,2",2026-08-11T00:57:32+00:00
blind cleaning companies near me,43,43,140,https://www.beautifulblindsandshades.com/services/blind-and-shade-cleaning,0,0.00,1789287175,3,2026-09-13T08:12:55+00:00
in home blinds consultation near me,43,43,30,https://www.beautifulblindsandshades.com/products/blinds,0,0.00,1788291931,3,2026-09-01T19:45:31+00:00
beautiful blinds and designs,43,43,90,https://www.beautifulblindsandshades.com/services/window-treatments,0,0.00,1786600418,2,2026-08-13T05:53:38+00:00
plantation-shutters near me,43,43,170,https://www.beautifulblindsandshades.com/products/plantation-shutters,0,0.00,1787028365,3,2026-08-18T04:46:05+00:00
window blinds installer near me,43,43,50,https://www.beautifulblindsandshades.com/products/blinds,0,0.00,1787293665,3,2026-08-21T06:27:45+00:00
interior window shutters near me,43,43,260,https://www.beautifulblindsandshades.com/products/plantation-shutters,0,0.00,1789362293,3,2026-09-14T05:04:53+00:00
window treatments fort wayne indiana,43,43,90,https://www.beautifulblindsandshades.com/blog-post/fort-wayne-window-treatments-guide,0,0.00,1788634706,0,2026-09-05T18:58:26+00:00
indoor window shutters near me,43,43,30,https://www.beautifulblindsandshades.com/products/plantation-shutters,0,0.00,1788167317,3,2026-08-31T09:08:37+00:00
plantation shutter near me,43,43,40,https://www.beautifulblindsandshades.com/products/plantation-shutters,0,0.00,1787256337,3,2026-08-20T20:05:37+00:00
blinds companies near me,43,43,210,https://www.beautifulblindsandshades.com/products/blinds,0,0.00,1786489441,3,2026-08-11T23:04:01+00:00
beautiful blinds,44,44,170,https://www.beautifulblindsandshades.com/location/beautiful-blinds-and-shades-service-area,0,0.00,1789512030,0,2026-09-15T22:40:30+00:00
blinds near me with installation,44,44,110,https://www.beautifulblindsandshades.com/products/blinds,0,0.00,1786393602,3,2026-08-10T20:26:42+00:00
shine a blind,44,44,210,https://www.beautifulblindsandshades.com/services/blind-and-shade-cleaning,0,0.00,1786112512,0,2026-08-07T14:21:52+00:00
window blinds installed near me,44,44,110,https://www.beautifulblindsandshades.com/products/blinds,0,0.00,1789734097,3,2026-09-18T12:21:37+00:00
blinds fort wayne indiana,45,45,70,https://www.beautifulblindsandshades.com/about-beautiful-blinds-and-shades,0,0.00,1787337945,0,2026-08-21T18:45:45+00:00
blinds installation near me,45,45,1900,https://www.beautifulblindsandshades.com/products/blinds,0,0.00,1789759027,3,2026-09-18T19:17:07+00:00
window treatments installed near me,45,45,70,https://www.beautifulblindsandshades.com/products/blinds,0,0.00,1786996410,3,2026-08-17T19:53:30+00:00
window and blind cleaning services,45,45,110,https://www.beautifulblindsandshades.com/services/blind-and-shade-cleaning,0,0.00,1788825729,0,2026-09-08T00:02:09+00:00
custom blinds and shades near me,45,45,50,https://www.beautifulblindsandshades.com/products/blinds,0,0.00,1789262031,3,2026-09-13T01:13:51+00:00
custom interior shutters near me,45,45,390,https://www.beautifulblindsandshades.com/products/plantation-shutters,0,0.00,1788143396,3,2026-08-31T02:29:56+00:00
blind installer near me,45,45,210,https://www.beautifulblindsandshades.com/products/blinds,0,0.00,1789246495,3,2026-09-12T20:54:55+00:00
who installs blinds near me,45,45,40,https://www.beautifulblindsandshades.com/products/blinds,0,0.00,1790196569,3,2026-09-23T20:49:29+00:00
windows and blinds near me,46,46,70,https://www.beautifulblindsandshades.com/products/blinds,0,0.00,1788684053,3,2026-09-06T08:40:53+00:00
blinds consultation near me,46,46,90,https://www.beautifulblindsandshades.com/products/blinds,0,0.00,1786646966,3,2026-08-13T18:49:26+00:00
blind dusting service,46,46,480,https://www.beautifulblindsandshades.com/services/blind-and-shade-cleaning,0,0.00,1789160236,0,2026-09-11T20:57:16+00:00
window blinds fort wayne,46,46,70,https://www.beautifulblindsandshades.com/about-beautiful-blinds-and-shades,0,0.00,1789478912,0,2026-09-15T13:28:32+00:00
shades and blinds near me,46,46,720,https://www.beautifulblindsandshades.com/products/blinds,0,0.00,1788043242,3,2026-08-29T22:40:42+00:00
blinds install near me,47,47,170,https://www.beautifulblindsandshades.com/products/blinds,0,0.00,1786638425,3,2026-08-13T16:27:05+00:00
window blind company near me,47,47,140,https://www.beautifulblindsandshades.com/products/blinds,0,0.00,1789366434,3,2026-09-14T06:13:54+00:00
window blinds cleaning services near me,47,47,30,https://www.beautifulblindsandshades.com/services/blind-and-shade-cleaning,0,0.00,1787698870,3,2026-08-25T23:01:10+00:00
blinds installed near me,47,47,390,https://www.beautifulblindsandshades.com/products/blinds,0,0.00,1787750746,3,2026-08-26T13:25:46+00:00
custom window blinds near me,47,47,880,https://www.beautifulblindsandshades.com/products/blinds,0,0.00,1788727689,3,2026-09-06T20:48:09+00:00
blinds company near me,47,47,1000,https://www.beautifulblindsandshades.com/products/blinds,0,0.00,1789990967,3,2026-09-21T11:42:47+00:00
best custom blinds near me,48,48,30,https://www.beautifulblindsandshades.com/products/blinds,0,0.00,1789301496,3,2026-09-13T12:11:36+00:00
custom window shutters near me,48,48,90,https://www.beautifulblindsandshades.com/products/plantation-shutters,0,0.00,1787322211,3,2026-08-21T14:23:31+00:00
shades blinds near me,48,48,480,https://www.beautifulblindsandshades.com/products/blinds,0,0.00,1789340143,3,2026-09-13T22:55:43+00:00
window blinds installed near me,48,48,110,https://www.beautifulblindsandshades.com/products/blinds,0,0.00,1789734097,3,2026-09-18T12:21:37+00:00
ultrasonic blind cleaners near me,49,49,50,https://www.beautifulblindsandshades.com/services/blind-and-shade-cleaning,0,0.00,1786971866,3,2026-08-17T13:04:26+00:00
coleman's flooring and blinds,49,49,70,https://www.beautifulblindsandshades.com/products/blinds,0,0.00,1787979625,2,2026-08-29T05:00:25+00:00
vertical blinds installation near me,49,49,70,https://www.beautifulblindsandshades.com/products/blinds,0,0.00,1789984178,3,2026-09-21T09:49:38+00:00
local blind companies near me,49,49,40,https://www.beautifulblindsandshades.com/products/blinds,0,0.00,1787078289,3,2026-08-18T18:38:09+00:00
custom shades near me,49,49,880,https://www.beautifulblindsandshades.com/products/blinds,0,0.00,1787753350,3,2026-08-26T14:09:10+00:00
wood plantation shutters near me,49,49,90,https://www.beautifulblindsandshades.com/products/plantation-shutters,0,0.00,1790198498,3,2026-09-23T21:21:38+00:00
custom blind stores near me,49,49,40,https://www.beautifulblindsandshades.com/products/blinds,0,0.00,1787839402,3,2026-08-27T14:03:22+00:00
blinds services near me,49,49,170,https://www.beautifulblindsandshades.com/products/blinds,0,0.00,1788745659,3,2026-09-07T01:47:39+00:00
exterior window shades boulevard gardens,49,49,40,https://www.beautifulblindsandshades.com/services/outdoor-shades,0,0.00,1786874804,0,2026-08-16T10:06:44+00:00
ultrasonic blind cleaners near me,50,50,50,https://www.beautifulblindsandshades.com/services/blind-and-shade-cleaning,0,0.00,1786971866,3,2026-08-17T13:04:26+00:00
horizontal blinds near me,50,50,30,https://www.beautifulblindsandshades.com/products/blinds,0,0.00,1787079977,3,2026-08-18T19:06:17+00:00
window and blinds near me,50,50,50,https://www.beautifulblindsandshades.com/products/blinds,0,0.00,1788357303,3,2026-09-02T13:55:03+00:00
local blinds,50,50,110,https://www.beautifulblindsandshades.com/products/blinds,0,0.00,1789298830,0,2026-09-13T11:27:10+00:00
blinds nearme,50,50,70,https://www.beautifulblindsandshades.com/products/blinds,0,0.00,1787464772,3,2026-08-23T05:59:32+00:00
plantation shutter dealer nearby,50,0,40,https://www.beautifulblindsandshades.com/products/plantation-shutters,0,0.00,1790285994,3,2026-09-24T21:39:54+00:00
window blinds companies near me,51,51,50,https://www.beautifulblindsandshades.com/products/blinds,0,0.00,1786888371,3,2026-08-16T13:52:51+00:00
beautiful windows blinds,51,51,70,https://www.beautifulblindsandshades.com/products/blinds,0,0.00,1787104769,"1,3",2026-08-19T01:59:29+00:00
blinds and borders near me,52,52,50,https://www.beautifulblindsandshades.com/products/blinds,0,0.00,1787679831,3,2026-08-25T17:43:51+00:00
clean a blind,52,52,210,https://www.beautifulblindsandshades.com/services/blind-and-shade-cleaning,0,0.00,1789150154,1,2026-09-11T18:09:14+00:00
blinds services near me,52,52,170,https://www.beautifulblindsandshades.com/products/blinds,0,0.00,1788745659,3,2026-09-07T01:47:39+00:00
custom window treatments sweetwater,52,52,50,https://www.beautifulblindsandshades.com/beautiful-blinds-shades-service-areas/blinds-and-shades-fort-wayne-indiana,0,0.00,1788842358,"0,1",2026-09-08T04:39:18+00:00
window treatments fort wayne,53,53,90,https://www.beautifulblindsandshades.com/about-beautiful-blinds-and-shades,0,0.00,1787259820,0,2026-08-20T21:03:40+00:00
window blind companies near me,53,53,390,https://www.beautifulblindsandshades.com/products/blinds,0,0.00,1787256656,3,2026-08-20T20:10:56+00:00
best blinds fort wayne indiana,53,53,90,https://www.beautifulblindsandshades.com/services/window-treatments,0,0.00,1786501003,"0,2",2026-08-12T02:16:43+00:00
custom blind store near me,53,53,30,https://www.beautifulblindsandshades.com/products/blinds,0,0.00,1786571091,3,2026-08-12T21:44:51+00:00
mobile blind cleaning near me,53,53,40,https://www.beautifulblindsandshades.com/services/blind-and-shade-cleaning,0,0.00,1785983760,3,2026-08-06T02:36:00+00:00
shades installation near me,53,53,90,https://www.beautifulblindsandshades.com/products/blinds,0,0.00,1790124113,3,2026-09-23T00:41:53+00:00
vertical blind shops near me,54,54,50,https://www.beautifulblindsandshades.com/products/blinds,0,0.00,1787795010,3,2026-08-27T01:43:30+00:00
coleman's flooring & blinds,54,54,110,https://www.beautifulblindsandshades.com/products/blinds,0,0.00,1786987211,2,2026-08-17T17:20:11+00:00
custom shades near me,54,54,880,https://www.beautifulblindsandshades.com/products/blinds,0,0.00,1787753350,3,2026-08-26T14:09:10+00:00
interior shutters installed near me,55,55,40,https://www.beautifulblindsandshades.com/products/plantation-shutters,0,0.00,1787684593,3,2026-08-25T19:03:13+00:00
custom blinds for windows near me,56,56,590,https://www.beautifulblindsandshades.com/products/blinds,0,0.00,1789565095,3,2026-09-16T13:24:55+00:00
plantation shutters installation near me,56,56,90,https://www.beautifulblindsandshades.com/products/plantation-shutters,0,0.00,1788976859,3,2026-09-09T18:00:59+00:00
blunds near me,57,57,30,https://www.beautifulblindsandshades.com/products/blinds,0,0.00,1787695037,3,2026-08-25T21:57:17+00:00
window coverings near me,57,57,4400,https://www.beautifulblindsandshades.com/products/blinds,0,0.00,1790100661,3,2026-09-22T18:11:01+00:00
blind cleaners near me,57,57,260,https://www.beautifulblindsandshades.com/services/blind-and-shade-cleaning,0,0.00,1789692091,3,2026-09-18T00:41:31+00:00
best blinds fort wayne,58,58,110,https://www.beautifulblindsandshades.com/services/window-treatments,0,0.00,1786409852,"0,2",2026-08-11T00:57:32+00:00
custom blinds for windows near me,58,58,590,https://www.beautifulblindsandshades.com/products/blinds,0,0.00,1789565095,3,2026-09-16T13:24:55+00:00
blinds fort wayne,58,58,140,https://www.beautifulblindsandshades.com/blog-post/fort-wayne-window-treatments-guide,0,0.00,1786670134,0,2026-08-14T01:15:34+00:00
blinds fort wayne indiana,59,59,70,https://www.beautifulblindsandshades.com/services/window-treatments,0,0.00,1787337945,0,2026-08-21T18:45:45+00:00
blinds near me,59,59,22200,https://www.beautifulblindsandshades.com/products/blinds,0,0.00,1789998259,3,2026-09-21T13:44:19+00:00
custom blinds store near me,59,59,70,https://www.beautifulblindsandshades.com/products/blinds,0,0.00,1787112204,3,2026-08-19T04:03:24+00:00
blindes near me,59,59,30,https://www.beautifulblindsandshades.com/products/blinds,0,0.00,1788545062,3,2026-09-04T18:04:22+00:00
blind place near me,59,59,70,https://www.beautifulblindsandshades.com/products/blinds,0,0.00,1787695181,3,2026-08-25T21:59:41+00:00
window treatments installation near me,59,59,90,https://www.beautifulblindsandshades.com/products/blinds,0,0.00,1789308755,3,2026-09-13T14:12:35+00:00
blinds fort wayne,60,60,140,https://www.beautifulblindsandshades.com/services/window-treatments,0,0.00,1786670134,0,2026-08-14T01:15:34+00:00
windows with built in blinds near me,60,60,40,https://www.beautifulblindsandshades.com/products/blinds,0,0.00,1788816982,3,2026-09-07T21:36:22+00:00
custom+blinds+near+me,60,60,40,https://www.beautifulblindsandshades.com/products/blinds,0,0.00,1787847262,3,2026-08-27T16:14:22+00:00
custom blinds store near me,60,60,70,https://www.beautifulblindsandshades.com/products/blinds,0,0.00,1787112204,3,2026-08-19T04:03:24+00:00
custom plantation shutters richlands,60,60,70,https://www.beautifulblindsandshades.com/products/plantation-shutters,0,0.00,1789847686,0,2026-09-19T19:54:46+00:00
mobile blind cleaning service near me,61,61,70,https://www.beautifulblindsandshades.com/services/blind-and-shade-cleaning,0,0.00,1786318530,3,2026-08-09T23:35:30+00:00
beautiful blinds and designs,62,62,90,https://www.beautifulblindsandshades.com/products/shades,0,0.00,1786600418,2,2026-08-13T05:53:38+00:00
fort wayne window treatments,62,62,90,https://www.beautifulblindsandshades.com/about-beautiful-blinds-and-shades,0,0.00,1787686374,0,2026-08-25T19:32:54+00:00
window treatments fort wayne indiana,62,62,90,https://www.beautifulblindsandshades.com/products/shades,0,0.00,1788634706,0,2026-09-05T18:58:26+00:00
blind and shades near me,63,63,40,https://www.beautifulblindsandshades.com/products/blinds,0,0.00,1787692716,3,2026-08-25T21:18:36+00:00
window blinds fort wayne,63,63,70,https://www.beautifulblindsandshades.com/blog-post/fort-wayne-window-treatments-guide,0,0.00,1789478912,0,2026-09-15T13:28:32+00:00
beautiful blinds,64,64,170,https://www.beautifulblindsandshades.com/services/window-treatments,0,0.00,1789512030,0,2026-09-15T22:40:30+00:00
window covering companies near me,64,64,260,https://www.beautifulblindsandshades.com/products/blinds,0,0.00,1788123171,3,2026-08-30T20:52:51+00:00
blinds & shades near me,64,64,40,https://www.beautifulblindsandshades.com/products/blinds,0,0.00,1788539276,3,2026-09-04T16:27:56+00:00
wood+blinds+near+me,64,64,30,https://www.beautifulblindsandshades.com/products/blinds,0,0.00,1788353731,3,2026-09-02T12:55:31+00:00
blinds close to me,64,64,2900,https://www.beautifulblindsandshades.com/products/blinds,0,0.00,1789795619,0,2026-09-19T05:26:59+00:00
exterior roller shades dessau,64,64,40,https://www.beautifulblindsandshades.com/services/outdoor-shades,0,0.00,1786877598,0,2026-08-16T10:53:18+00:00
beautyguard schererville,65,65,110,https://www.beautifulblindsandshades.com/,0,0.00,1788746040,2,2026-09-07T01:54:00+00:00
best blinds fort wayne,65,65,110,https://www.beautifulblindsandshades.com/products/shades,0,0.00,1786409852,"0,2",2026-08-11T00:57:32+00:00
wood window blinds near me,65,65,30,https://www.beautifulblindsandshades.com/products/blinds,0,0.00,1787081209,3,2026-08-18T19:26:49+00:00
vertical blinds shops near me,65,65,30,https://www.beautifulblindsandshades.com/products/blinds,0,0.00,1789407733,3,2026-09-14T17:42:13+00:00
plantation shutter dealer,66,0,40,https://www.beautifulblindsandshades.com/products/plantation-shutters,0,0.00,1790286411,0,2026-09-24T21:46:51+00:00
bright shine blinds,67,67,40,https://www.beautifulblindsandshades.com/,0,0.00,1788248091,2,2026-09-01T07:34:51+00:00
exterior roller shades bluff springs,67,67,50,https://www.beautifulblindsandshades.com/services/outdoor-shades,0,0.00,1786859829,3,2026-08-16T05:57:09+00:00
blind company near me,67,67,6600,https://www.beautifulblindsandshades.com/products/blinds,0,0.00,1789795142,3,2026-09-19T05:19:02+00:00
blinds fort wayne indiana,68,68,70,https://www.beautifulblindsandshades.com/products/blinds,0,0.00,1787337945,0,2026-08-21T18:45:45+00:00
windows and blinds near me,68,68,70,https://www.beautifulblindsandshades.com/products/blinds,0,0.00,1788684053,3,2026-09-06T08:40:53+00:00
blinds fort wayne,68,68,140,https://www.beautifulblindsandshades.com/products/blinds,0,0.00,1786670134,0,2026-08-14T01:15:34+00:00
best blinds fort wayne indiana,68,68,90,https://www.beautifulblindsandshades.com/about-beautiful-blinds-and-shades,0,0.00,1786501003,"0,2",2026-08-12T02:16:43+00:00
plantation shutters installation indian springs,69,69,40,https://www.beautifulblindsandshades.com/products/plantation-shutters,0,0.00,1789185866,0,2026-09-12T04:04:26+00:00
best blinds fort wayne indiana,70,70,90,https://www.beautifulblindsandshades.com/blogs,0,0.00,1786501003,"0,2",2026-08-12T02:16:43+00:00
ultrasonic blind cleaning near me,72,72,170,https://www.beautifulblindsandshades.com/services/blind-and-shade-cleaning,0,0.00,1785729771,3,2026-08-03T04:02:51+00:00
best blinds fort wayne indiana,72,72,90,https://www.beautifulblindsandshades.com/products/plantation-shutters,0,0.00,1786501003,"0,2",2026-08-12T02:16:43+00:00
plantation shutters zachary,72,72,70,https://www.beautifulblindsandshades.com/products/plantation-shutters,0,0.00,1787625915,0,2026-08-25T02:45:15+00:00
blinds fort wayne indiana,73,73,70,https://www.beautifulblindsandshades.com/services/blind-shade-repair,0,0.00,1787337945,0,2026-08-21T18:45:45+00:00
custom vertical blinds near me,73,73,110,https://www.beautifulblindsandshades.com/products/blinds,0,0.00,1787946723,3,2026-08-28T19:52:03+00:00
best blinds fort wayne,73,73,110,https://www.beautifulblindsandshades.com/services/window-treatments,0,0.00,1786409852,"0,2",2026-08-11T00:57:32+00:00
blinds fort wayne,73,73,140,https://www.beautifulblindsandshades.com/products/blinds,0,0.00,1786670134,0,2026-08-14T01:15:34+00:00
best blinds fort wayne indiana,73,73,90,https://www.beautifulblindsandshades.com/beautiful-blinds-shades-service-areas/custom-window-treatments-harlan-indiana,0,0.00,1786501003,"0,2",2026-08-12T02:16:43+00:00
window treatments fort wayne indiana,73,73,90,https://www.beautifulblindsandshades.com/services/window-treatments,0,0.00,1788634706,0,2026-09-05T18:58:26+00:00
custom plantation shutters sneads ferry,74,74,70,https://www.beautifulblindsandshades.com/products/plantation-shutters,0,0.00,1789845302,0,2026-09-19T19:15:02+00:00
blinds near me with installation,74,74,110,https://www.beautifulblindsandshades.com/products/blinds,0,0.00,1786393602,3,2026-08-10T20:26:42+00:00
best blinds fort wayne indiana,74,74,90,https://www.beautifulblindsandshades.com/services/blind-shade-repair,0,0.00,1786501003,"0,2",2026-08-12T02:16:43+00:00
window blinds fort wayne,74,74,70,https://www.beautifulblindsandshades.com/products/blinds,0,0.00,1789478912,0,2026-09-15T13:28:32+00:00
blinds fort wayne,75,75,140,https://www.beautifulblindsandshades.com/services/blind-shade-repair,0,0.00,1786670134,0,2026-08-14T01:15:34+00:00
best blinds fort wayne indiana,75,75,90,https://www.beautifulblindsandshades.com/services/blind-and-shade-cleaning,0,0.00,1786501003,"0,2",2026-08-12T02:16:43+00:00
custom wood blinds near me,75,75,110,https://www.beautifulblindsandshades.com/products/blinds,0,0.00,1786474741,3,2026-08-11T18:59:01+00:00
blinds fort wayne indiana,76,76,70,https://www.beautifulblindsandshades.com/beautiful-blinds-shades-service-areas/blinds-and-shades-fort-wayne-indiana,0,0.00,1787337945,0,2026-08-21T18:45:45+00:00
best blinds fort wayne,76,76,110,https://www.beautifulblindsandshades.com/blog-post/fort-wayne-window-treatments-guide,0,0.00,1786409852,"0,2",2026-08-11T00:57:32+00:00
best blinds fort wayne indiana,76,76,90,https://www.beautifulblindsandshades.com/beautiful-blinds-shades-service-areas/window-treatments-bluffton-indiana,0,0.00,1786501003,"0,2",2026-08-12T02:16:43+00:00
fort wayne window treatments,76,76,90,https://www.beautifulblindsandshades.com/blog-post/fort-wayne-window-treatments-guide,0,0.00,1787686374,0,2026-08-25T19:32:54+00:00
house blinds near me,77,77,90,https://www.beautifulblindsandshades.com/products/blinds,0,0.00,1788123961,3,2026-08-30T21:06:01+00:00
bright shine blinds,77,77,40,https://www.beautifulblindsandshades.com/,0,0.00,1788248091,2,2026-09-01T07:34:51+00:00
blinds fort wayne,77,77,140,https://www.beautifulblindsandshades.com/products/shades,0,0.00,1786670134,0,2026-08-14T01:15:34+00:00
best blinds fort wayne indiana,77,77,90,https://www.beautifulblindsandshades.com/blog-post/5-ways-custom-blinds-and-shades-can-transform-your-fort-wayne-home,0,0.00,1786501003,"0,2",2026-08-12T02:16:43+00:00
blinds fort wayne indiana,78,78,70,https://www.beautifulblindsandshades.com/location/beautiful-blinds-and-shades-service-area,0,0.00,1787337945,0,2026-08-21T18:45:45+00:00
best blinds fort wayne,78,78,110,https://www.beautifulblindsandshades.com/location/beautiful-blinds-and-shades-service-area,0,0.00,1786409852,"0,2",2026-08-11T00:57:32+00:00
indoor shutters near me,78,78,40,https://www.beautifulblindsandshades.com/products/plantation-shutters,0,0.00,1790039737,3,2026-09-22T01:15:37+00:00
blinds fort wayne,78,78,140,https://www.beautifulblindsandshades.com/beautiful-blinds-shades-service-areas/blinds-and-shades-fort-wayne-indiana,0,0.00,1786670134,0,2026-08-14T01:15:34+00:00
best blinds fort wayne indiana,78,78,90,https://www.beautifulblindsandshades.com/blog-post/save-energy-window-treatments-fort-wayne,0,0.00,1786501003,"0,2",2026-08-12T02:16:43+00:00
beautiful blinds and designs,79,79,90,https://www.beautifulblindsandshades.com/products/blinds,0,0.00,1786600418,2,2026-08-13T05:53:38+00:00
best blinds fort wayne indiana,79,79,90,https://www.beautifulblindsandshades.com/blog-post/motorized-blinds-and-shades-in-fort-wayne,0,0.00,1786501003,"0,2",2026-08-12T02:16:43+00:00
window blinds fort wayne,79,79,70,https://www.beautifulblindsandshades.com/services/window-treatments,0,0.00,1789478912,0,2026-09-15T13:28:32+00:00
blinds fort wayne indiana,80,80,70,https://www.beautifulblindsandshades.com/services/outdoor-shades,0,0.00,1787337945,0,2026-08-21T18:45:45+00:00
best blinds fort wayne,80,80,110,https://www.beautifulblindsandshades.com/about-beautiful-blinds-and-shades,0,0.00,1786409852,"0,2",2026-08-11T00:57:32+00:00
blinds fort wayne,80,80,140,https://www.beautifulblindsandshades.com/location/beautiful-blinds-and-shades-service-area,0,0.00,1786670134,0,2026-08-14T01:15:34+00:00
best blinds fort wayne indiana,80,80,90,https://www.beautifulblindsandshades.com/blog-post/custom-roller-shades-fort-wayne-open-concept-homes,0,0.00,1786501003,"0,2",2026-08-12T02:16:43+00:00
beautiful blinds,81,81,170,https://www.beautifulblindsandshades.com/products/blinds,0,0.00,1789512030,0,2026-09-15T22:40:30+00:00
blinds fort wayne,81,81,140,https://www.beautifulblindsandshades.com/blogs,0,0.00,1786670134,0,2026-08-14T01:15:34+00:00
blinds fort wayne indiana,82,82,70,https://www.beautifulblindsandshades.com/blog-post/fort-wayne-window-treatments-guide,0,0.00,1787337945,0,2026-08-21T18:45:45+00:00
best blinds fort wayne,82,82,110,https://www.beautifulblindsandshades.com/blogs,0,0.00,1786409852,"0,2",2026-08-11T00:57:32+00:00
custom window treatments in lanesville in,82,82,40,https://www.beautifulblindsandshades.com/beautiful-blinds-shades-service-areas/custom-window-treatments-harlan-indiana,0,0.00,1786787832,1,2026-08-15T09:57:12+00:00
window treatments fort wayne indiana,82,82,90,https://www.beautifulblindsandshades.com/beautiful-blinds-shades-service-areas/blinds-and-shades-fort-wayne-indiana,0,0.00,1788634706,0,2026-09-05T18:58:26+00:00
window blinds fort wayne,82,82,70,https://www.beautifulblindsandshades.com/location/beautiful-blinds-and-shades-service-area,0,0.00,1789478912,0,2026-09-15T13:28:32+00:00
blinds fort wayne,83,83,140,https://www.beautifulblindsandshades.com/services/outdoor-shades,0,0.00,1786670134,0,2026-08-14T01:15:34+00:00
custom+blinds+near+me,83,83,40,https://www.beautifulblindsandshades.com/products/blinds,0,0.00,1787847262,3,2026-08-27T16:14:22+00:00
window blinds fort wayne,83,83,70,https://www.beautifulblindsandshades.com/services/blind-shade-repair,0,0.00,1789478912,0,2026-09-15T13:28:32+00:00
blinds fort wayne indiana,84,84,70,https://www.beautifulblindsandshades.com/services/blind-and-shade-cleaning,0,0.00,1787337945,0,2026-08-21T18:45:45+00:00
best blinds fort wayne,84,84,110,https://www.beautifulblindsandshades.com/services/blind-shade-repair,0,0.00,1786409852,"0,2",2026-08-11T00:57:32+00:00
window treatments fort wayne,85,85,90,https://www.beautifulblindsandshades.com/products/shades,0,0.00,1787259820,0,2026-08-20T21:03:40+00:00
blinds fort wayne indiana,85,85,70,https://www.beautifulblindsandshades.com/blogs,0,0.00,1787337945,0,2026-08-21T18:45:45+00:00
blinds fort wayne,85,85,140,https://www.beautifulblindsandshades.com/blog-post/5-ways-custom-blinds-and-shades-can-transform-your-fort-wayne-home,0,0.00,1786670134,0,2026-08-14T01:15:34+00:00
window treatments fort wayne indiana,85,85,90,https://www.beautifulblindsandshades.com/products/blinds,0,0.00,1788634706,0,2026-09-05T18:58:26+00:00
window blinds fort wayne,85,85,70,https://www.beautifulblindsandshades.com/beautiful-blinds-shades-service-areas/blinds-and-shades-fort-wayne-indiana,0,0.00,1789478912,0,2026-09-15T13:28:32+00:00
blinds fort wayne indiana,86,86,70,https://www.beautifulblindsandshades.com/blogs,0,0.00,1787337945,0,2026-08-21T18:45:45+00:00
best blinds fort wayne,86,86,110,https://www.beautifulblindsandshades.com/products/plantation-shutters,0,0.00,1786409852,"0,2",2026-08-11T00:57:32+00:00
custom plantation shutter dealer near me,86,86,40,https://www.beautifulblindsandshades.com/products/plantation-shutters,0,0.00,1789996824,3,2026-09-21T13:20:24+00:00
blinds fort wayne,87,87,140,https://www.beautifulblindsandshades.com/products/plantation-shutters,0,0.00,1786670134,0,2026-08-14T01:15:34+00:00
fort wayne window treatments,87,87,90,https://www.beautifulblindsandshades.com/beautiful-blinds-shades-service-areas/blinds-and-shades-fort-wayne-indiana,0,0.00,1787686374,0,2026-08-25T19:32:54+00:00
window blinds fort wayne,87,87,70,https://www.beautifulblindsandshades.com/products/shades,0,0.00,1789478912,0,2026-09-15T13:28:32+00:00
blinds fort wayne indiana,88,88,70,https://www.beautifulblindsandshades.com/products/plantation-shutters,0,0.00,1787337945,0,2026-08-21T18:45:45+00:00
window treatments fort wayne indiana,88,88,90,https://www.beautifulblindsandshades.com/blog-post/5-ways-custom-blinds-and-shades-can-transform-your-fort-wayne-home,0,0.00,1788634706,0,2026-09-05T18:58:26+00:00
beautiful blinds,89,89,170,https://www.beautifulblindsandshades.com/products/shades,0,0.00,1789512030,0,2026-09-15T22:40:30+00:00
blinds fort wayne indiana,89,89,70,https://www.beautifulblindsandshades.com/blog-post/5-ways-custom-blinds-and-shades-can-transform-your-fort-wayne-home,0,0.00,1787337945,0,2026-08-21T18:45:45+00:00
blinds fort wayne,89,89,140,https://www.beautifulblindsandshades.com/services/blind-and-shade-cleaning,0,0.00,1786670134,0,2026-08-14T01:15:34+00:00
window blinds fort wayne,89,89,70,https://www.beautifulblindsandshades.com/blog-post/5-ways-custom-blinds-and-shades-can-transform-your-fort-wayne-home,0,0.00,1789478912,0,2026-09-15T13:28:32+00:00
beautiful blinds and designs,90,90,90,https://www.beautifulblindsandshades.com/location/beautiful-blinds-and-shades-service-area,0,0.00,1786600418,2,2026-08-13T05:53:38+00:00
window treatments fort wayne,91,91,90,https://www.beautifulblindsandshades.com/products/blinds,0,0.00,1787259820,0,2026-08-20T21:03:40+00:00
window treatments fort wayne indiana,91,91,90,https://www.beautifulblindsandshades.com/location/beautiful-blinds-and-shades-service-area,0,0.00,1788634706,0,2026-09-05T18:58:26+00:00
window blinds fort wayne,91,91,70,https://www.beautifulblindsandshades.com/services/blind-and-shade-cleaning,0,0.00,1789478912,0,2026-09-15T13:28:32+00:00
woven wood shades near me,92,92,70,https://www.beautifulblindsandshades.com/products/blinds,0,0.00,1790140977,3,2026-09-23T05:22:57+00:00
window treatments fort wayne indiana,92,92,90,https://www.beautifulblindsandshades.com/blog-post/save-energy-window-treatments-fort-wayne,0,0.00,1788634706,0,2026-09-05T18:58:26+00:00
plantation shutters near me,93,93,4400,https://www.beautifulblindsandshades.com/products/plantation-shutters,0,0.00,1789793237,3,2026-09-19T04:47:17+00:00
window treatments fort wayne indiana,93,93,90,https://www.beautifulblindsandshades.com/products/plantation-shutters,0,0.00,1788634706,0,2026-09-05T18:58:26+00:00
interior blinds near me,93,93,40,https://www.beautifulblindsandshades.com/products/blinds,0,0.00,1790094570,3,2026-09-22T16:29:30+00:00
window blinds fort wayne,93,93,70,https://www.beautifulblindsandshades.com/services/outdoor-shades,0,0.00,1789478912,0,2026-09-15T13:28:32+00:00
fort wayne window treatments,94,94,90,https://www.beautifulblindsandshades.com/services/window-treatments,0,0.00,1787686374,0,2026-08-25T19:32:54+00:00
window treatments fort wayne indiana,94,94,90,https://www.beautifulblindsandshades.com/services/blind-shade-repair,0,0.00,1788634706,0,2026-09-05T18:58:26+00:00
window treatments fort wayne indiana,95,95,90,https://www.beautifulblindsandshades.com/services/outdoor-shades,0,0.00,1788634706,0,2026-09-05T18:58:26+00:00
window blinds fort wayne,95,95,70,https://www.beautifulblindsandshades.com/products/plantation-shutters,0,0.00,1789478912,0,2026-09-15T13:28:32+00:00
window treatments fort wayne indiana,96,96,90,https://www.beautifulblindsandshades.com/beautiful-blinds-shades-service-areas/window-treatments-bluffton-indiana,0,0.00,1788634706,0,2026-09-05T18:58:26+00:00
custom window treatments cedarwood,97,97,40,https://www.beautifulblindsandshades.com/beautiful-blinds-shades-service-areas/window-treatments-leo-cedarville-indiana,0,0.00,1788583643,0,2026-09-05T04:47:23+00:00
window treatments fort wayne,97,97,90,https://www.beautifulblindsandshades.com/beautiful-blinds-shades-service-areas/blinds-and-shades-fort-wayne-indiana,0,0.00,1787259820,0,2026-08-20T21:03:40+00:00
fort wayne window treatments,98,98,90,https://www.beautifulblindsandshades.com/products/shades,0,0.00,1787686374,0,2026-08-25T19:32:54+00:00
window treatments fort wayne,99,99,90,https://www.beautifulblindsandshades.com/blog-post/5-ways-custom-blinds-and-shades-can-transform-your-fort-wayne-home,0,0.00,1787259820,0,2026-08-20T21:03:40+00:00
