url,page_type,priority,decision,primary_intent,current_title,current_description,current_h1,canonical,robots,in_sitemap,source_body_words,editorial_words,internal_referring_pages,page_report_keywords,unique_keywords_in_export,page_report_estimated_traffic,ranking_evidence,technical_findings,editorial_findings,planned_h2_topics,required_evidence,planned_internal_links,source_archive
https://www.beautifulblindsandshades.com/beautiful-blinds-shades-service-areas/window-treatments-hicksville-indiana,Local commercial/service coverage,P0,Preserve URL; improve content in place,"Window treatments Hicksville, Ohio","Custom Window Treatments in Hicksville, Indiana","Custom blinds, shades & window treatments in Hicksville Ohio. Free in-home consultation. Locally owned, serving Northeast Indiana. Call (260) 222-6467 today!","Custom Window Treatments in Hicksville, Indiana",,,True,1457,1280,54,4,3,1,custom blinds installation cummingsville #5 (2026-09-14); roman shade installation cummingsville #23 (2026-08-04); custom blinds installation thompsonville #28 (2026-09-09); roman shade installation cummingsville #32 (2026-08-04),No HTML canonical,"Title/H1 and slug say Indiana while body says Ohio. Correct visible metadata/content/schema to the verified service city, but retain existing slug at launch to avoid unnecessary URL change.",Confirmed Ohio coverage and visit logistics; Products suited to the actual project; How local consultations work; One documented project or attributable review; Coverage and contact questions,"Confirm service coverage and any travel fees; obtain a real local project and permission, if available. Never invent neighborhood jobs, testimonials or a local office.",https://www.beautifulblindsandshades.com/location/beautiful-blinds-and-shades-service-area | https://www.beautifulblindsandshades.com/products/blinds | https://www.beautifulblindsandshades.com/products/shades | https://www.beautifulblindsandshades.com/products/plantation-shutters | https://www.beautifulblindsandshades.com/contact,ac35e0f4a3100ed8
https://www.beautifulblindsandshades.com/beautiful-blinds-shades-service-areas/window-treatments-monroeville-indiana,Local commercial/service coverage,P0,Preserve URL; improve content in place,Window treatments Monroeville,"Custom Window Treatments In Monroeville, Indiana","Custom blinds, shades & window treatments in Monroeville Indiana. Free in-home consultation. Locally owned, serving Northeast Indiana. Call (260) 222-6467 today!","Custom Window Treatments In Monroeville, Indiana | Custom Blinds and Shades in Woodburn, Indiana",,,True,1982,1783,54,not reported,0,not reported,No row returned in current US keyword export; not proof of no impressions or value.,No HTML canonical; 2 H1 elements,Wrong-city body is almost identical to Woodburn. Replace with verified Monroeville content in place; do not redirect to Woodburn.,Monroeville service details and actual examples; Products suited to the actual project; How local consultations work; One documented project or attributable review; Coverage and contact questions,"Confirm service coverage and any travel fees; obtain a real local project and permission, if available. Never invent neighborhood jobs, testimonials or a local office.",https://www.beautifulblindsandshades.com/location/beautiful-blinds-and-shades-service-area | https://www.beautifulblindsandshades.com/products/blinds | https://www.beautifulblindsandshades.com/products/shades | https://www.beautifulblindsandshades.com/products/plantation-shutters | https://www.beautifulblindsandshades.com/contact,2f09d77722115d44
https://www.beautifulblindsandshades.com/beautiful-blinds-shades-service-areas/window-treatments-warsaw-indiana,Local commercial/service coverage,P0,Preserve URL; improve content in place,Window treatments Warsaw,"Custom Window Treatments in Warsaw, Indiana","Custom blinds, shades & window treatments in Warsaw Indiana. Free in-home consultation. Locally owned, serving Northeast Indiana. Call (260) 222-6467 today!","Custom Window Treatments in Warsaw, Indiana",,,True,2675,2466,54,not reported,0,not reported,No row returned in current US keyword export; not proof of no impressions or value.,No HTML canonical,"Delete the copied Bluffton section, retain useful Warsaw content and replace generic assertions with verified details. No reason to merge this into Bluffton.","Warsaw service, glare and room selection; Products suited to the actual project; How local consultations work; One documented project or attributable review; Coverage and contact questions","Confirm service coverage and any travel fees; obtain a real local project and permission, if available. Never invent neighborhood jobs, testimonials or a local office.",https://www.beautifulblindsandshades.com/location/beautiful-blinds-and-shades-service-area | https://www.beautifulblindsandshades.com/products/blinds | https://www.beautifulblindsandshades.com/products/shades | https://www.beautifulblindsandshades.com/products/plantation-shutters | https://www.beautifulblindsandshades.com/contact,1ef7de469711754e
https://www.beautifulblindsandshades.com/,Local commercial overview,P1,Protect; staged edits on same URL,Custom window treatments Fort Wayne; blinds Fort Wayne,"Custom Blinds, Shades & Shutters Fort Wayne | Free Quotes","Expert custom blinds, shades & shutters in Fort Wayne, IN. Free in-home consultation. Energy-efficient window treatments. Call (260) 222-6467 today!",Beautiful Window Treatments Fort Wayne Indiana | What Our Customers Are Saying,https://www.beautifulblindsandshades.com,,True,1737,1711,54,20,19,12,beautiful blinds and shades #1 (2026-09-13); blinds fort wayne indiana #3 (2026-08-21); beautiful blinds and designs #3 (2026-08-13); beautiful blinds #4 (2026-09-15),2 H1 elements,"Protect the strongest Fort Wayne landing page. Retain topic coverage, title/description initially, product and service links, genuine reviews, owner identity and contact details. Remove extra review H1; replace generic promises with verified facts. Do not transfer broad Fort Wayne ownership to a new city page.","Custom blinds, shades and shutters; Meet David and the in-home process; Repair and cleaning; Local project examples and reviews; Fort Wayne service coverage; Consultation questions","Confirm product availability, claims, warranty terms, and real installation examples with David.",https://www.beautifulblindsandshades.com/products/blinds | https://www.beautifulblindsandshades.com/products/shades | https://www.beautifulblindsandshades.com/products/plantation-shutters | https://www.beautifulblindsandshades.com/services/blind-shade-repair | https://www.beautifulblindsandshades.com/services/blind-and-shade-cleaning | https://www.beautifulblindsandshades.com/services/outdoor-shades | https://www.beautifulblindsandshades.com/location/beautiful-blinds-and-shades-service-area | https://www.beautifulblindsandshades.com/contact,8878cb9cbcfea088
https://www.beautifulblindsandshades.com/about-beautiful-blinds-and-shades,Brand and trust,P1,Preserve URL; improve content in place,David Fear; Beautiful Blinds & Shades owner,About Beautiful Blinds & Shades | Fort Wayne Window Treatments,"Family-owned window treatment experts serving Fort Wayne & Allen County. Custom blinds, shades & shutters with local installation. Free consultation today!",About Beautiful Blinds & Shades | About Beautiful Blinds & Shades,,,True,930,514,54,8,8,0,window treatments fort wayne indiana #28 (2026-09-05); blinds fort wayne #41 (2026-08-14); blinds fort wayne indiana #45 (2026-08-21); window blinds fort wayne #46 (2026-09-15),No HTML canonical; 2 H1 elements,"Two H1s. Replace generic franchise comparisons and vague experience claims with an approved owner biography. Explain who measures, installs and handles follow-up. Avoid another broad window-treatments sales page.",Meet David Fear; Experience and product training; What owner-led service means; Real installations and customer feedback,"Confirm years in business versus David’s industry experience, manufacturer relationships, team roles, and permission for project photos.",https://www.beautifulblindsandshades.com/contact | https://www.beautifulblindsandshades.com/services/window-treatments | https://www.beautifulblindsandshades.com/services/blind-shade-repair,d8479c099a77d5ab
https://www.beautifulblindsandshades.com/beautiful-blinds-shades-service-areas/blinds-and-shades-fort-wayne-indiana,Local commercial/service coverage,P1,Preserve URL; improve content in place,Window treatments Fort Wayne,"Custom Window Treatments Fort Wayne, Indiana","Custom blinds, shades & window treatments in Fort Wayne Indiana. Free in-home consultation. Locally owned, serving Northeast Indiana. Call (260) 222-6467 today!","Custom Window Treatments Fort Wayne, Indiana",,,True,1722,1537,54,11,11,0,roller shades installers parker lane #18 (2026-08-10); custom blinds medical district #30 (2026-08-18); best blinds fort wayne indiana #38 (2026-08-12); best blinds fort wayne #43 (2026-08-11),No HTML canonical,"Strong overlap with homepage. Keep URL during migration; narrow to verified neighborhood coverage, project examples and service logistics. Conditional later consolidation to homepage only after Search Console, links and conversions are reviewed.",Local installations and needs; Products suited to the actual project; How local consultations work; One documented project or attributable review; Coverage and contact questions,"Confirm service coverage and any travel fees; obtain a real local project and permission, if available. Never invent neighborhood jobs, testimonials or a local office.",https://www.beautifulblindsandshades.com/location/beautiful-blinds-and-shades-service-area | https://www.beautifulblindsandshades.com/products/blinds | https://www.beautifulblindsandshades.com/products/shades | https://www.beautifulblindsandshades.com/products/plantation-shutters | https://www.beautifulblindsandshades.com/contact,aa39cd25048eb133
https://www.beautifulblindsandshades.com/beautiful-blinds-shades-service-areas/window-treatments-auburn-indiana,Local commercial/service coverage,P1,Preserve URL; improve content in place,Window treatments Auburn,"Custom Window Treatments In Auburn, Indiana","Custom blinds, shades & window treatments in Auburn Indiana. Free in-home consultation. Locally owned, serving Northeast Indiana. Call (260) 222-6467 today!","Custom Window Treatments In Auburn, Indiana",,,True,1500,1319,54,6,6,0,custom window treatments auburn #10 (2026-08-27); custom blinds auburn #14 (2026-08-20); window coverings auburn #16 (2026-08-06); auburn blinds #19 (2026-08-26),No HTML canonical,"Protect observed top-10 custom window treatments Auburn visibility. The query can refer to multiple cities, so retain explicit Indiana context and verify local results before expansion.",Auburn service and verified projects; Products suited to the actual project; How local consultations work; One documented project or attributable review; Coverage and contact questions,"Confirm service coverage and any travel fees; obtain a real local project and permission, if available. Never invent neighborhood jobs, testimonials or a local office.",https://www.beautifulblindsandshades.com/location/beautiful-blinds-and-shades-service-area | https://www.beautifulblindsandshades.com/products/blinds | https://www.beautifulblindsandshades.com/products/shades | https://www.beautifulblindsandshades.com/products/plantation-shutters | https://www.beautifulblindsandshades.com/contact,d674bd52e6dfd47a
https://www.beautifulblindsandshades.com/blog-post/cellular-shades-fort-wayne-energy-savings,Informational guide,P1,Preserve URL; improve content in place,Cellular-shade insulation and winter use,cellular-shades-fort-wayne-energy-savings,"Find out why cellular shades are a top choice for insulation, comfort, and energy savings in Fort Wayne and sourounding homes.",Cellular Shades Fort Wayne IN | Energy Efficient Honeycomb Shades,,,True,2260,2051,2,1,0,0,No row returned in current US keyword export; not proof of no impressions or value.,No HTML canonical; Title is raw URL slug; Audit BlogPosting topic and dates,Keep informational intent distinct from cellular product page. Fix broken /shades/cellular-shades link. Verify claimed Grabill installation and customer savings; cite tested energy guidance.,How trapped air helps; Construction and fit; Realistic savings and limits; Daily operation; Insulation versus replacing windows,"David must approve first-person anecdotes, experience and technical advice. Manufacturer/DOE evidence for quantified performance. Use genuine author/reviewer and accurate publication/update dates.",https://www.beautifulblindsandshades.com/custom-shades-fort-wayne-indiana/cellular-shades-fort-wayne-indiana | https://www.beautifulblindsandshades.com/blog-post/save-energy-window-treatments-fort-wayne | https://www.beautifulblindsandshades.com/contact,94516794910b6604
https://www.beautifulblindsandshades.com/blog-post/custom-roller-shades-fort-wayne-open-concept-homes,Informational guide,P1,Preserve URL; improve content in place,Coordinating roller shades in open-plan rooms,custom-roller-shades-fort-wayne-open-concept-homes,"Discover why custom roller shades are perfect for Fort Wayne's open-concept homes. Serving Huntertown, Leo-Cedarville & Allen County. Expert installation.",Custom Roller Shades for Fort Wayne Open-Concept Homes,,,True,1703,1533,3,4,4,0,window treatments fort wayne #28 (2026-08-20); fort wayne window treatments #31 (2026-08-25); blinds fort wayne indiana #34 (2026-08-21); best blinds fort wayne indiana #80 (2026-08-12),No HTML canonical; Title is raw URL slug; Audit BlogPosting topic and dates,Ranking supporting article. Preserve URL and angle; add a practical multi-window planning example and explain opacity/solar mesh differences.,Coordinate adjacent windows; Choose fabric by exposure; Keep consistent fascia and mounting; Group motorized controls; Plan room-by-room needs,"David must approve first-person anecdotes, experience and technical advice. Manufacturer/DOE evidence for quantified performance. Use genuine author/reviewer and accurate publication/update dates.",https://www.beautifulblindsandshades.com/custom-shades-fort-wayne-indiana/custom-roller-shades-fort-wayne-indiana | https://www.beautifulblindsandshades.com/custom-shades-fort-wayne-indiana/solar-shades-fort-wayne-indiana | https://www.beautifulblindsandshades.com/blog-post/motorized-blinds-and-shades-in-fort-wayne | https://www.beautifulblindsandshades.com/contact,880f1f8e0f566f6f
https://www.beautifulblindsandshades.com/blog-post/motorized-blinds-and-shades-in-fort-wayne,Informational guide,P1,Preserve URL; improve content in place,Motorized blinds and shades Fort Wayne,motorized-blinds-and-shades-in-fort-wayne,"Discover how motorized blinds bring convenience, security, and modern comfort to homes throughout Fort Wayne and Indiana.",Motorized Blinds and Shades in Fort Wayne: A Guide for Indiana Homeowners,,,True,2385,2199,6,7,7,1,motorized window treatment park haven #3 (2026-09-05); blinds fort wayne indiana #15 (2026-08-21); fort wayne window treatments #15 (2026-08-25); window blinds fort wayne #20 (2026-09-15),No HTML canonical; Title is raw URL slug; Audit BlogPosting topic and dates,Protect URL: current strongest established motorization page and supporting Fort Wayne rankings. Improve in place before creating a competing motorization service page. Remove unsupported 90% repair assertion and verify customer anecdotes.,"When motorization helps; Batteries versus wired power; Remotes, apps and optional hubs; Product-specific compatibility; Maintenance and troubleshooting; Consultation","David must approve first-person anecdotes, experience and technical advice. Manufacturer/DOE evidence for quantified performance. Use genuine author/reviewer and accurate publication/update dates.",https://www.beautifulblindsandshades.com/products/shades | https://www.beautifulblindsandshades.com/products/blinds | https://www.beautifulblindsandshades.com/services/blind-shade-repair | https://www.beautifulblindsandshades.com/blog-post/motorized-zebra-shades-fort-wayne-light-control | https://www.beautifulblindsandshades.com/contact,18df178f2496ca35
https://www.beautifulblindsandshades.com/blog-post/plantation-shutters-for-columbia-city-homes,Informational guide,P1,Preserve URL; improve content in place,Planning plantation shutters in Columbia City,plantation-shutters-for-columbia-city-homes,,Plantation Shutters for Columbia City Homes | Plantation Shutters for Columbia City Homes: Classic Style for Columbia City Living,,,True,2527,2326,2,not reported,0,not reported,No row returned in current US keyword export; not proof of no impressions or value.,No HTML canonical; 2 H1 elements; Missing meta description; Title is raw URL slug; Audit BlogPosting topic and dates,"Missing description and two H1s; unsupported 45% solar-heat and local bill-saving figures, lifetime support and conflicting lead times. Turn into a real project or decision guide.",Material choice by room; Louver size and panel clearance; Existing trim and historic windows; Measuring/installing; Care and verified terms,"David must approve first-person anecdotes, experience and technical advice. Manufacturer/DOE evidence for quantified performance. Use genuine author/reviewer and accurate publication/update dates.",https://www.beautifulblindsandshades.com/products/plantation-shutters | https://www.beautifulblindsandshades.com/beautiful-blinds-shades-service-areas/window-treatment-columbia-city-indiana | https://www.beautifulblindsandshades.com/contact,45fe8e6cca0b4ee3
https://www.beautifulblindsandshades.com/contact,Conversion,P1,Preserve URL; improve content in place,Contact Beautiful Blinds & Shades; free consultation,Contact Us | Beautiful Blinds & Shades | Fort Wayne IN,"Get your free consultation! Call Beautiful Blinds & Shades in Fort Wayne at (260) 222-6467. Serving Allen County with custom blinds, shades & shutters",Contact Us For A FREE In-home Consultation,,,True,142,138,54,not reported,0,not reported,No row returned in current US keyword export; not proof of no impressions or value.,No HTML canonical,"Preserve /contact and make it the destination for consultation CTAs across the new site. Native form must send and confirm real leads, with clear error handling. Retain click-to-call, email and accurate hours.",Request a consultation; What happens next; Call or email David; Service coverage,"Recipient/CRM, consent wording, privacy policy, response-time expectations and tested lead delivery.",https://www.beautifulblindsandshades.com/location/beautiful-blinds-and-shades-service-area | https://www.beautifulblindsandshades.com/about-beautiful-blinds-and-shades,8bd88f886d5a522d
https://www.beautifulblindsandshades.com/contact-ghl,"Utility, not search acquisition",P1,Retain noindex utility until dependencies checked; then consider 301 to /contact,Contact integration endpoint,Contact [GHL],"Get your free consultation! Call Beautiful Blinds & Shades in Fort Wayne at (260) 222-6467. Serving Allen County with custom blinds, shades & shutters",Contact Us For A FREE In-home Consultation,,noindex,False,142,138,1,not reported,0,not reported,No row returned in current US keyword export; not proof of no impressions or value.,No HTML canonical,"Existing noindex page duplicates contact copy. Determine whether ads, CRM or embeds rely on this route before retiring it. Preserve noindex and working integration initially.",Integration ownership and form dependency review,"Confirm product availability, claims, warranty terms, and real installation examples with David.",https://www.beautifulblindsandshades.com/contact,68147f8b2951c2b7
https://www.beautifulblindsandshades.com/custom-interior-plantation-shutters-fort-wayne-indiana/custom-composite-plantation-shutters-in-fort-wayne-indiana,Product buying/selection,P1,Preserve URL; improve content in place,Composite plantation shutters Fort Wayne,Composite Plantation Shutters | Beautiful Blinds & Shades Fort Wayne,"Custom Composite Plantation Shutters in Fort Wayne, Indiana. Free in-home consultation, professional installation. Locally owned. Call (260) 222-6467 for a quote.","Custom Composite Plantation Shutters In Fort Wayne, Indiana",,,True,177,171,1,not reported,0,not reported,No row returned in current US keyword export; not proof of no impressions or value.,No HTML canonical,"Product-specific body is effectively absent; only generic process/CTA text appears in the fetched document. Build a useful material comparison, not a second copy of wood shutters.",Composite material options; Moisture suitability; Weight and size limitations; Frames and louvers; Cleaning; Warranty,"Confirm product availability, claims, warranty terms, and real installation examples with David.",https://www.beautifulblindsandshades.com/products/plantation-shutters | https://www.beautifulblindsandshades.com/contact | https://www.beautifulblindsandshades.com/blog-post/motorized-blinds-and-shades-in-fort-wayne,7ec3858d26071256
https://www.beautifulblindsandshades.com/custom-interior-plantation-shutters-fort-wayne-indiana/custom-wood-plantation-shutters-in-fort-wayne-indiana,Product buying/selection,P1,Preserve URL; improve content in place,Wood plantation shutters Fort Wayne,Wood Plantation Shutters | Beautiful Blinds & Shades Fort Wayne,"Custom Wood Plantation Shutters in Fort Wayne, Indiana. Free in-home consultation, professional installation. Locally owned. Call (260) 222-6467 for a quote.","Custom Wood Plantation Shutters In Fort Wayne, Indiana",,,True,177,171,1,not reported,0,not reported,No row returned in current US keyword export; not proof of no impressions or value.,No HTML canonical,Product-specific body is effectively absent; generic content matches composite page. Add confirmed species/finish and mounting details.,Wood materials and finishes; Weight and panel size; Humidity limitations; Frames and louvers; Care; Wood versus composite,"Confirm product availability, claims, warranty terms, and real installation examples with David.",https://www.beautifulblindsandshades.com/products/plantation-shutters | https://www.beautifulblindsandshades.com/contact | https://www.beautifulblindsandshades.com/blog-post/motorized-blinds-and-shades-in-fort-wayne,3404095fe7f0f61a
https://www.beautifulblindsandshades.com/custom-shades-fort-wayne-indiana/custom-roller-shades-fort-wayne-indiana,Product buying/selection,P1,Preserve URL; improve content in place,Roller shades Fort Wayne,Roller Shades | Beautiful Blinds and Shades Fort Wayne,"Discover our versatile roller shades and how they can transform any room with clean, modern style. Custom-fit sheer shades with free in-home consultation. Serving Fort Wayne & Allen County. Call (260) 222-6467.",Custom Solar Shades Fort Wayne Indiana,,,True,2452,2189,4,not reported,0,not reported,No row returned in current US keyword export; not proof of no impressions or value.,No HTML canonical,Hero H1 incorrectly says Solar Shades. Correct it while retaining roller URL. Distinguish solid/privacy fabrics from open solar mesh.,Fabric opacity and privacy; Inside versus outside mounting; Edge gaps and room darkening; Wide-window options; Cassette and control choices; Care,"Confirm product availability, claims, warranty terms, and real installation examples with David.",https://www.beautifulblindsandshades.com/products/shades | https://www.beautifulblindsandshades.com/contact | https://www.beautifulblindsandshades.com/blog-post/motorized-blinds-and-shades-in-fort-wayne | https://www.beautifulblindsandshades.com/blog-post/custom-roller-shades-fort-wayne-open-concept-homes,f61d2ab79ec0f2f6
https://www.beautifulblindsandshades.com/location/beautiful-blinds-and-shades-service-area,Coverage/navigation,P1,Preserve URL; improve content in place,Beautiful Blinds & Shades service area,Service Areas | Fort Wayne & Allen County | Beautiful Blinds & Shades,"Beautiful Blinds & Shades serves Fort Wayne, New Haven, Auburn, Huntertown & all Allen County. Custom blinds, shades & shutters. Free in-home consultations!",,,,True,216,213,54,7,7,0,beautiful blinds #44 (2026-09-15); blinds fort wayne indiana #78 (2026-08-21); best blinds fort wayne #78 (2026-08-11); blinds fort wayne #80 (2026-08-14),No HTML canonical; 0 H1 elements,"No H1. Make coverage clear and link to city pages without repeating a full Fort Wayne sales pitch. Reconcile the proposed homepage map with the live list, especially Hicksville, Syracuse and Angola.",Where we provide in-home visits; Browse communities; Confirm an address; How visits work,"David-approved service boundary, outlying cities and any trip fees. Do not imply a staffed office in every town.",https://www.beautifulblindsandshades.com/contact | https://www.beautifulblindsandshades.com/beautiful-blinds-shades-service-areas/blinds-and-shades-fort-wayne-indiana | https://www.beautifulblindsandshades.com/beautiful-blinds-shades-service-areas/custom-window-treatments-harlan-indiana | https://www.beautifulblindsandshades.com/beautiful-blinds-shades-service-areas/custom-window-treatments-in-huntertown-indiana | https://www.beautifulblindsandshades.com/beautiful-blinds-shades-service-areas/window-treatment-columbia-city-indiana | https://www.beautifulblindsandshades.com/beautiful-blinds-shades-service-areas/window-treatments-angola-indiana | https://www.beautifulblindsandshades.com/beautiful-blinds-shades-service-areas/window-treatments-auburn-indiana | https://www.beautifulblindsandshades.com/beautiful-blinds-shades-service-areas/window-treatments-bluffton-indiana | https://www.beautifulblindsandshades.com/beautiful-blinds-shades-service-areas/window-treatments-grabill-indiana | https://www.beautifulblindsandshades.com/beautiful-blinds-shades-service-areas/window-treatments-hicksville-indiana | https://www.beautifulblindsandshades.com/beautiful-blinds-shades-service-areas/window-treatments-hoagland-indiana | https://www.beautifulblindsandshades.com/beautiful-blinds-shades-service-areas/window-treatments-in-kendallville-indiana | https://www.beautifulblindsandshades.com/beautiful-blinds-shades-service-areas/window-treatments-leo-cedarville-indiana | https://www.beautifulblindsandshades.com/beautiful-blinds-shades-service-areas/window-treatments-monroeville-indiana | https://www.beautifulblindsandshades.com/beautiful-blinds-shades-service-areas/window-treatments-new-haven-indiana | https://www.beautifulblindsandshades.com/beautiful-blinds-shades-service-areas/window-treatments-syracuse-indiana | https://www.beautifulblindsandshades.com/beautiful-blinds-shades-service-areas/window-treatments-warsaw-indiana | https://www.beautifulblindsandshades.com/beautiful-blinds-shades-service-areas/window-treatments-woodburn-indiana,27cb6525a26ce2c7
https://www.beautifulblindsandshades.com/products/blinds,Commercial category,P1,Protect; staged edits on same URL,"Custom blinds Fort Wayne; wood, faux wood and horizontal blinds",Custom Blinds Fort Wayne | Window Blinds | Beautiful Blinds & Shades,"Fort Wayne custom blind experts. Wood, faux wood, aluminum & vertical blinds. Precise measurement & pro installation. Free consultation. Call Beautiful Blinds!",,,,True,1688,1442,54,121,109,4,budget blinds fort wayne #13 (2026-09-07); best blinds fort wayne indiana #21 (2026-08-12); best blinds fort wayne #22 (2026-08-11); best place to get blinds near me #23 (2026-09-01),No HTML canonical; 0 H1 elements,Keep category URL and current title initially. No H1. Rewrite repetitive exact-match wording and competitor-like budget/best phrasing into normal English. Preserve wood/faux wood coverage even though no dedicated child pages exist.,Choose blinds by room and opening; Wood versus faux wood; Aluminum and mini blinds; Vertical and panel track options; Cordless and available motorization; Measuring and installation,"Confirm product availability, claims, warranty terms, and real installation examples with David.",https://www.beautifulblindsandshades.com/contact | https://www.beautifulblindsandshades.com/products/shades | https://www.beautifulblindsandshades.com/services/blind-shade-repair | https://www.beautifulblindsandshades.com/custom-blinds-fort-wayne-indiana/custom-mini-blinds-in-fort-wayne-indiana | https://www.beautifulblindsandshades.com/custom-blinds-fort-wayne-indiana/custom-panel-track-blinds-fort-wayne-indiana | https://www.beautifulblindsandshades.com/custom-blinds-fort-wayne-indiana/custom-venetian-blinds-in-fort-wayne-indiana | https://www.beautifulblindsandshades.com/custom-blinds-fort-wayne-indiana/custom-vertical-blinds-fort-wayne-indiana,73b56ded3d31ca8d
https://www.beautifulblindsandshades.com/products/plantation-shutters,Commercial category,P1,Preserve URL; improve content in place,Plantation shutters Fort Wayne,Plantation Shutters Fort Wayne | Custom Shutters | Beautiful Blinds,"Quality plantation shutters in Fort Wayne & Allen County. Custom wood, poly & composite options. Timeless style, lasting value. Free in-home consultation today!","Custom Plantation Shutters In Fort Wayne, Indiana",,,True,1827,1595,54,38,38,0,plantation shutters nearby #31 (2026-08-31); plantations shutters near me #33 (2026-09-21); interior shutters near me #36 (2026-08-23); custom plantation shutter dealers near me #38 (2026-08-16),No HTML canonical,"Preserve URL, wood/composite choice, louver sizes, mounting and room suitability. Remove automatic property-value promises and blanket lifespan comparisons. Child pages currently lack useful material-specific copy.","Wood versus composite shutters; Louver size and view; Frames, doors and specialty windows; Moisture considerations; Measurement and installation; Care and warranty","Confirm product availability, claims, warranty terms, and real installation examples with David.",https://www.beautifulblindsandshades.com/contact | https://www.beautifulblindsandshades.com/custom-interior-plantation-shutters-fort-wayne-indiana/custom-composite-plantation-shutters-in-fort-wayne-indiana | https://www.beautifulblindsandshades.com/custom-interior-plantation-shutters-fort-wayne-indiana/custom-wood-plantation-shutters-in-fort-wayne-indiana,7f3263ec8e2eccaa
https://www.beautifulblindsandshades.com/products/shades,Commercial category,P1,Preserve URL; improve content in place,Custom window shades Fort Wayne,Custom Shades Fort Wayne | Window Shades | Beautiful Blinds & Shades,"Custom window shades for Fort Wayne homes. Roller shades, cellular shades, roman shades & more. Free consultation. Professional installation. Call today!",,,,True,1596,1240,54,8,8,0,beautiful blinds and designs #62 (2026-08-13); window treatments fort wayne indiana #62 (2026-09-05); best blinds fort wayne #65 (2026-08-11); blinds fort wayne #77 (2026-08-14),No HTML canonical; 0 H1 elements,No H1. Retain all seven product child links and compare shade types by need. Remove awkward repeated local phrases. Keep category broad and let child pages answer detailed selection questions.,Compare shade types; Privacy versus filtered daylight; Room darkening and edge gaps; Fabric and texture; Manual and motorized controls; Installation,"Confirm product availability, claims, warranty terms, and real installation examples with David.",https://www.beautifulblindsandshades.com/contact | https://www.beautifulblindsandshades.com/blog-post/motorized-blinds-and-shades-in-fort-wayne | https://www.beautifulblindsandshades.com/custom-shades-fort-wayne-indiana/cellular-shades-fort-wayne-indiana | https://www.beautifulblindsandshades.com/custom-shades-fort-wayne-indiana/custom-roller-shades-fort-wayne-indiana | https://www.beautifulblindsandshades.com/custom-shades-fort-wayne-indiana/layered-shades-fort-wayne-indiana | https://www.beautifulblindsandshades.com/custom-shades-fort-wayne-indiana/natural-shades-fort-wayne-indiana | https://www.beautifulblindsandshades.com/custom-shades-fort-wayne-indiana/pleated-shades-fort-wayne-indiana | https://www.beautifulblindsandshades.com/custom-shades-fort-wayne-indiana/roman-shades-fort-wayne-indiana | https://www.beautifulblindsandshades.com/custom-shades-fort-wayne-indiana/solar-shades-fort-wayne-indiana,831786945e91d33f
https://www.beautifulblindsandshades.com/services/blind-and-shade-cleaning,Cleaning enquiry,P1,Preserve URL; improve content in place,Blind cleaning and shade cleaning Fort Wayne,Professional Blind Cleaning Fort Wayne | Beautiful Blinds & Shades,"Professional blind and shade cleaning in Fort Wayne. Remove dust, allergens & grime. Ultrasonic cleaning available. We clean all types. Call for a quote today!","Blind & Shade Cleaning In Fort Wayne, Indiana",,,True,1529,1325,1,68,55,0,blinds cleaners near me #16 (2026-08-11); blinds cleaning near me #18 (2026-07-31); blind cleaning #22 (2026-08-28); wood blind cleaners #23 (2026-08-23),No HTML canonical,Keep as a distinct service. Historical export contains strong rankings even though latest estimates are lower. Preserve material-specific guidance and cleaning-versus-replacement help; confirm cleaning process and risks by fabric.,Treatments we can clean; Cleaning methods by material; Stains and damage we cannot promise to remove; Collection/reinstallation workflow; Cleaning or replacement; Care between services,"Whether cleaning is ultrasonic, on-site or off-site; exclusions, stain expectations, transport/reinstallation, estimates and safe material care.",https://www.beautifulblindsandshades.com/contact | https://www.beautifulblindsandshades.com/services/blind-shade-repair | https://www.beautifulblindsandshades.com/products/blinds | https://www.beautifulblindsandshades.com/products/shades,b57458f2508d1f1c
https://www.beautifulblindsandshades.com/services/blind-shade-repair,Repair enquiry,P1,Protect; staged edits on same URL,Blind repair and shade repair Fort Wayne,Blind Repair Fort Wayne | Shade Repair Service | Beautiful Blinds,"Fort Wayne blind repair experts. Fix broken cords, stuck shades, bent slats & motorization. Same-day quotes. We repair all brands. Call Beautiful Blinds today!","Blind & Shade Repair In Fort Wayne, Indiana",,,True,1758,1536,1,112,101,13,we fix blinds #9 (2026-08-06); wood blind repair near me #9 (2026-09-15); wood blind repair near me #10 (2026-09-15); window shade repairs near me #11 (2026-09-14),No HTML canonical,"Largest reported organic traffic share. Preserve cord/restringing, slat, tilt, lift, cellular, roller and motor troubleshooting coverage and confirmed Graber service. Replace blanket repair-versus-replace assertions with assessment criteria; confirm what brands and jobs are accepted.",Repairs we assess; Blind versus shade problems; Repair or replace; Brands and parts availability; How to request an assessment; Turnaround and service warranty,"Supported brands, parts availability, pickup/on-site workflow, assessment charge, lead time, service warranty and what cannot be repaired.",https://www.beautifulblindsandshades.com/contact | https://www.beautifulblindsandshades.com/services/blind-and-shade-cleaning | https://www.beautifulblindsandshades.com/products/blinds | https://www.beautifulblindsandshades.com/products/shades | https://www.beautifulblindsandshades.com/blog-post/motorized-blinds-and-shades-in-fort-wayne,d99afc6f3773cd0c
https://www.beautifulblindsandshades.com/services/outdoor-shades,Product/service purchase,P1,Protect; staged edits on same URL,Outdoor shades and patio shades Fort Wayne,Outdoor Shades Fort Wayne | Patio & Deck Shades | Beautiful Blinds,"Transform your Fort Wayne patio with custom outdoor shades. Block sun & bugs, add privacy, extend your season. Free consultation. Professional installation.","Custom Outdoor Shades In Fort Wayne, Indiana",,,True,1307,1028,54,50,43,5,exterior window shades park haven #2 (2026-09-15); outdoor sun shade installation near me #4 (2026-08-12); sun shade installation near me #4 (2026-08-07); patio shade near me #10 (2026-08-25),No HTML canonical,"High-value ranking asset. Preserve patio shades, outdoor roller shades, solar-screen selection, motorization and installation coverage. Qualify year-round use, UV versus heat percentages, rain/wind protection and warranty exclusions.",Where outdoor shades work; Fabric openness and daytime privacy; Mounting and tracks; Manual versus motorized operation; Wind and weather limits; Installation and care,"Actual exterior product brands, fabric performance data, maximum sizes, wind rating/retraction instructions, motor options and warranty exclusions.",https://www.beautifulblindsandshades.com/contact | https://www.beautifulblindsandshades.com/blog-post/motorized-blinds-and-shades-in-fort-wayne | https://www.beautifulblindsandshades.com/blog-post/outdoor-patio-shades-guild-fort-wayne,1d858705ee85ce65
https://www.beautifulblindsandshades.com/services/window-treatments,Service/process,P1,Preserve URL; improve content in place,"Window treatment consultation, measuring and installation Fort Wayne",Window Treatments Fort Wayne | Custom Blinds & Shades | Beautiful Blinds,"Custom blinds, shades & shutters for Fort Wayne homes. Roller shades, plantation shutters, cellular shades & more. Free consultation. Professional installation.",,,,True,942,610,2,10,9,0,beautiful blinds and designs #43 (2026-08-13); best blinds fort wayne indiana #53 (2026-08-12); best blinds fort wayne #58 (2026-08-11); blinds fort wayne indiana #59 (2026-08-21),No HTML canonical; 0 H1 elements,"Overlaps the homepage and Fort Wayne city page; has no H1. Preserve the URL and useful process content. Reframe around consultation, measuring, ordering and installation instead of repeating the homepage.",What happens at your consultation; Measuring unusual windows; Ordering and installation; Aftercare and service; Preparing for your visit,"Confirm product availability, claims, warranty terms, and real installation examples with David.",https://www.beautifulblindsandshades.com/products/blinds | https://www.beautifulblindsandshades.com/products/shades | https://www.beautifulblindsandshades.com/products/plantation-shutters | https://www.beautifulblindsandshades.com/contact,0449bab11ef21555
https://www.beautifulblindsandshades.com/beautiful-blinds-shades-service-areas/custom-window-treatments-harlan-indiana,Local commercial/service coverage,P2,Preserve URL; improve content in place,Window treatments Harlan,"Custom Window Treatments Harlan, Indiana","Custom blinds, shades & window treatments in Harlan Indiana. Free in-home consultation. Locally owned, serving Northeast Indiana. Call (260) 222-6467 today!","Custom Window Treatments Harlan, Indiana",,,True,1954,1780,54,2,2,0,best blinds fort wayne indiana #73 (2026-08-12); custom window treatments in lanesville in #82 (2026-08-15),No HTML canonical,Local narrative includes a US Route 24 reference that needs fact-checking. Replace broad town praise with actual service/project detail.,Privacy and rural home windows; Products suited to the actual project; How local consultations work; One documented project or attributable review; Coverage and contact questions,"Confirm service coverage and any travel fees; obtain a real local project and permission, if available. Never invent neighborhood jobs, testimonials or a local office.",https://www.beautifulblindsandshades.com/location/beautiful-blinds-and-shades-service-area | https://www.beautifulblindsandshades.com/products/blinds | https://www.beautifulblindsandshades.com/products/shades | https://www.beautifulblindsandshades.com/products/plantation-shutters | https://www.beautifulblindsandshades.com/contact,2e64114eba9d0996
https://www.beautifulblindsandshades.com/beautiful-blinds-shades-service-areas/custom-window-treatments-in-huntertown-indiana,Local commercial/service coverage,P2,Preserve URL; improve content in place,Window treatments Huntertown,"Custom Window Treatments In Huntertown, Indiana","Custom blinds, shades & window treatments in Huntertown Indiana. Free in-home consultation. Locally owned, serving Northeast Indiana. Call (260) 222-6467 today!","Custom Window Treatments In Huntertown, Indiana",,,True,1991,1803,54,1,1,0,viewpoint window works #25 (2026-08-03),No HTML canonical,"Preserve local page separately from new-construction article. Keep service availability here, and move build-stage guidance to the article.",Whole-home consultation planning; Products suited to the actual project; How local consultations work; One documented project or attributable review; Coverage and contact questions,"Confirm service coverage and any travel fees; obtain a real local project and permission, if available. Never invent neighborhood jobs, testimonials or a local office.",https://www.beautifulblindsandshades.com/location/beautiful-blinds-and-shades-service-area | https://www.beautifulblindsandshades.com/products/blinds | https://www.beautifulblindsandshades.com/products/shades | https://www.beautifulblindsandshades.com/products/plantation-shutters | https://www.beautifulblindsandshades.com/contact | https://www.beautifulblindsandshades.com/blog-post/best-window-blinds-new-construction-homes-huntertown-indiana,93fdd03f7c07bf2f
https://www.beautifulblindsandshades.com/beautiful-blinds-shades-service-areas/window-treatment-columbia-city-indiana,Local commercial/service coverage,P2,Preserve URL; improve content in place,Window treatments Columbia City,"Custom Window Treatments In Columbia City, Indiana","Custom blinds, shades & window treatments in Columbia City Indiana. Free in-home consultation. Locally owned, serving Northeast Indiana. Call (260) 222-6467 today!","Custom Window Treatments In Columbia City, Indiana",,,True,1477,1306,54,not reported,0,not reported,No row returned in current US keyword export; not proof of no impressions or value.,No HTML canonical,Avoid duplicating the Columbia City shutters article. Use this page for overall local service and link material guidance to shutters.,Product selection and local visit logistics; Products suited to the actual project; How local consultations work; One documented project or attributable review; Coverage and contact questions,"Confirm service coverage and any travel fees; obtain a real local project and permission, if available. Never invent neighborhood jobs, testimonials or a local office.",https://www.beautifulblindsandshades.com/location/beautiful-blinds-and-shades-service-area | https://www.beautifulblindsandshades.com/products/blinds | https://www.beautifulblindsandshades.com/products/shades | https://www.beautifulblindsandshades.com/products/plantation-shutters | https://www.beautifulblindsandshades.com/contact | https://www.beautifulblindsandshades.com/blog-post/plantation-shutters-for-columbia-city-homes,d1f18268e54382a6
https://www.beautifulblindsandshades.com/beautiful-blinds-shades-service-areas/window-treatments-angola-indiana,Local commercial/service coverage,P2,Preserve URL; improve content in place,Window treatments Angola,"Custom Window Treatments In Angola, Indiana","Custom blinds, shades & window treatments in Angola Indiana. Free in-home consultation. Locally owned, serving Northeast Indiana. Call (260) 222-6467 today!","Custom Window Treatments In Angola, Indiana",,,True,1343,1184,54,not reported,0,not reported,No row returned in current US keyword export; not proof of no impressions or value.,No HTML canonical,Keep local intent; confirm lake-home coverage and scheduling. Generic lakeside copy is not evidence of completed installations.,"Glare, views and seasonal-home scheduling; Products suited to the actual project; How local consultations work; One documented project or attributable review; Coverage and contact questions","Confirm service coverage and any travel fees; obtain a real local project and permission, if available. Never invent neighborhood jobs, testimonials or a local office.",https://www.beautifulblindsandshades.com/location/beautiful-blinds-and-shades-service-area | https://www.beautifulblindsandshades.com/products/blinds | https://www.beautifulblindsandshades.com/products/shades | https://www.beautifulblindsandshades.com/products/plantation-shutters | https://www.beautifulblindsandshades.com/contact,ecee4727661777f2
https://www.beautifulblindsandshades.com/beautiful-blinds-shades-service-areas/window-treatments-bluffton-indiana,Local commercial/service coverage,P2,Preserve URL; improve content in place,Window treatments Bluffton,"Custom Window Treatments In Bluffton, Indiana","Custom blinds, shades & window treatments in Bluffton Indiana. Free in-home consultation. Locally owned, serving Northeast Indiana. Call (260) 222-6467 today!","Custom Window Treatments In Bluffton, Indiana",,,True,1349,1187,54,3,3,0,custom window treatments in zionsville in #27 (2026-08-06); best blinds fort wayne indiana #76 (2026-08-12); window treatments fort wayne indiana #96 (2026-09-05),No HTML canonical,Keep city service intent separate from blackout article. Remove unsupported local-customer statements unless David can substantiate them.,Local consultation and room priorities; Products suited to the actual project; How local consultations work; One documented project or attributable review; Coverage and contact questions,"Confirm service coverage and any travel fees; obtain a real local project and permission, if available. Never invent neighborhood jobs, testimonials or a local office.",https://www.beautifulblindsandshades.com/location/beautiful-blinds-and-shades-service-area | https://www.beautifulblindsandshades.com/products/blinds | https://www.beautifulblindsandshades.com/products/shades | https://www.beautifulblindsandshades.com/products/plantation-shutters | https://www.beautifulblindsandshades.com/contact | https://www.beautifulblindsandshades.com/blog-post/blackout-window-treatments-bluffton-homes,bb61756182adabbe
https://www.beautifulblindsandshades.com/beautiful-blinds-shades-service-areas/window-treatments-grabill-indiana,Local commercial/service coverage,P2,Preserve URL; improve content in place,Window treatments Grabill,"Custom Window Treatments In Grabill, Indiana","Custom blinds, shades & window treatments in Grabill Indiana. Free in-home consultation. Locally owned, serving Northeast Indiana. Call (260) 222-6467 today!","Custom Window Treatments In Grabill, Indiana",,,True,1999,1813,54,not reported,0,not reported,No row returned in current US keyword export; not proof of no impressions or value.,No HTML canonical,Replace assumptions about community values and tastes with useful product tradeoffs and first-hand local evidence.,"Wood textures, privacy and practical controls; Products suited to the actual project; How local consultations work; One documented project or attributable review; Coverage and contact questions","Confirm service coverage and any travel fees; obtain a real local project and permission, if available. Never invent neighborhood jobs, testimonials or a local office.",https://www.beautifulblindsandshades.com/location/beautiful-blinds-and-shades-service-area | https://www.beautifulblindsandshades.com/products/blinds | https://www.beautifulblindsandshades.com/products/shades | https://www.beautifulblindsandshades.com/products/plantation-shutters | https://www.beautifulblindsandshades.com/contact,9fbe50b839823d9d
https://www.beautifulblindsandshades.com/beautiful-blinds-shades-service-areas/window-treatments-hoagland-indiana,Local commercial/service coverage,P2,Preserve URL; improve content in place,Window treatments Hoagland,"Custom Window Treatments In Hoagland, Indiana","Custom blinds, shades & window treatments in Hoagland Indiana. Free in-home consultation. Locally owned, serving Northeast Indiana. Call (260) 222-6467 today!","Custom Window Treatments In Hoagland, Indiana",,,True,1854,1692,54,not reported,0,not reported,No row returned in current US keyword export; not proof of no impressions or value.,No HTML canonical,Verify geography and remove unsupported southwestern Allen County description. Avoid assumptions about outbuildings and lifestyle without real project evidence.,Sun exposure and privacy choices; Products suited to the actual project; How local consultations work; One documented project or attributable review; Coverage and contact questions,"Confirm service coverage and any travel fees; obtain a real local project and permission, if available. Never invent neighborhood jobs, testimonials or a local office.",https://www.beautifulblindsandshades.com/location/beautiful-blinds-and-shades-service-area | https://www.beautifulblindsandshades.com/products/blinds | https://www.beautifulblindsandshades.com/products/shades | https://www.beautifulblindsandshades.com/products/plantation-shutters | https://www.beautifulblindsandshades.com/contact,585757ff4cbe150f
https://www.beautifulblindsandshades.com/beautiful-blinds-shades-service-areas/window-treatments-in-kendallville-indiana,Local commercial/service coverage,P2,Preserve URL; improve content in place,Window treatments Kendallville,"Custom Window Treatments In Kendallville, Indiana","Custom blinds, shades & window treatments in Kendallville Indiana. Free in-home consultation. Locally owned, serving Northeast Indiana. Call (260) 222-6467 today!","Custom Window Treatments In Kendallville, Indiana",,,True,1369,1201,54,not reported,0,not reported,No row returned in current US keyword export; not proof of no impressions or value.,No HTML canonical,"Highly templated locality page. Keep coverage information but add verified work, scheduling and relevant product decisions.",In-home sampling and room selection; Products suited to the actual project; How local consultations work; One documented project or attributable review; Coverage and contact questions,"Confirm service coverage and any travel fees; obtain a real local project and permission, if available. Never invent neighborhood jobs, testimonials or a local office.",https://www.beautifulblindsandshades.com/location/beautiful-blinds-and-shades-service-area | https://www.beautifulblindsandshades.com/products/blinds | https://www.beautifulblindsandshades.com/products/shades | https://www.beautifulblindsandshades.com/products/plantation-shutters | https://www.beautifulblindsandshades.com/contact,2f59f81f7a06cec0
https://www.beautifulblindsandshades.com/beautiful-blinds-shades-service-areas/window-treatments-leo-cedarville-indiana,Local commercial/service coverage,P2,Preserve URL; improve content in place,Window treatments Leo-Cedarville,"Custom Window Treatments In Leo-Cedarville, Indiana","Custom blinds, shades & window treatments in Leo-Cedarville Indiana. Free in-home consultation. Locally owned, serving Northeast Indiana. Call (260) 222-6467 today!","Custom Window Treatments In Leo-Cedarville, Indiana",,,True,1773,1577,54,1,1,0,custom window treatments cedarwood #97 (2026-09-05),No HTML canonical,Retain local service intent; link to energy article instead of duplicating the full efficiency discussion.,"Privacy, motorization and local projects; Products suited to the actual project; How local consultations work; One documented project or attributable review; Coverage and contact questions","Confirm service coverage and any travel fees; obtain a real local project and permission, if available. Never invent neighborhood jobs, testimonials or a local office.",https://www.beautifulblindsandshades.com/location/beautiful-blinds-and-shades-service-area | https://www.beautifulblindsandshades.com/products/blinds | https://www.beautifulblindsandshades.com/products/shades | https://www.beautifulblindsandshades.com/products/plantation-shutters | https://www.beautifulblindsandshades.com/contact | https://www.beautifulblindsandshades.com/blog-post/energy-efficient-blinds-leo-cedarville-indiana-homes,4e457fd3df27efc4
https://www.beautifulblindsandshades.com/beautiful-blinds-shades-service-areas/window-treatments-new-haven-indiana,Local commercial/service coverage,P2,Preserve URL; improve content in place,Window treatments New Haven,"Custom Window Treatments In New Haven, Indiana","Custom blinds, shades & window treatments in New Haven Indiana. Free in-home consultation. Locally owned, serving Northeast Indiana. Call (260) 222-6467 today!","Custom Window Treatments In New Haven, Indiana",,,True,1591,1405,54,not reported,0,not reported,No row returned in current US keyword export; not proof of no impressions or value.,No HTML canonical,Preserve overall local intent. Remove interchangeable neighborhood filler and unverified local-customer claims.,Service process and local room examples; Products suited to the actual project; How local consultations work; One documented project or attributable review; Coverage and contact questions,"Confirm service coverage and any travel fees; obtain a real local project and permission, if available. Never invent neighborhood jobs, testimonials or a local office.",https://www.beautifulblindsandshades.com/location/beautiful-blinds-and-shades-service-area | https://www.beautifulblindsandshades.com/products/blinds | https://www.beautifulblindsandshades.com/products/shades | https://www.beautifulblindsandshades.com/products/plantation-shutters | https://www.beautifulblindsandshades.com/contact,10d0203ff5fd6d4d
https://www.beautifulblindsandshades.com/beautiful-blinds-shades-service-areas/window-treatments-syracuse-indiana,Local commercial/service coverage,P2,Preserve URL; improve content in place,Window treatments Syracuse,"Custom Window Treatments In Syracuse, Indiana","Custom blinds, shades & window treatments in Syracuse Indiana. Free in-home consultation. Locally owned, serving Northeast Indiana. Call (260) 222-6467 today!","Custom Window Treatments In Syracuse, Indiana",,,True,1438,1274,54,1,1,0,custom window treatments in lanesville in #8 (2026-08-15),No HTML canonical,Confirm coverage and seasonal/lake-home arrangements. A reported Lanesville query is geographically mismatched and should not drive content.,Lake-facing glare and appointment planning; Products suited to the actual project; How local consultations work; One documented project or attributable review; Coverage and contact questions,"Confirm service coverage and any travel fees; obtain a real local project and permission, if available. Never invent neighborhood jobs, testimonials or a local office.",https://www.beautifulblindsandshades.com/location/beautiful-blinds-and-shades-service-area | https://www.beautifulblindsandshades.com/products/blinds | https://www.beautifulblindsandshades.com/products/shades | https://www.beautifulblindsandshades.com/products/plantation-shutters | https://www.beautifulblindsandshades.com/contact,48fd677e519cb704
https://www.beautifulblindsandshades.com/beautiful-blinds-shades-service-areas/window-treatments-woodburn-indiana,Local commercial/service coverage,P2,Preserve URL; improve content in place,Window treatments Woodburn,"Custom Window Treatments In Woodburn, Indiana","Custom blinds, shades & window treatments in Woodburn Indiana. Free in-home consultation. Locally owned, serving Northeast Indiana. Call (260) 222-6467 today!","Custom Window Treatments In Woodburn, Indiana",,,True,1981,1783,54,not reported,0,not reported,No row returned in current US keyword export; not proof of no impressions or value.,No HTML canonical,Keep the legitimate Woodburn page. Verify the categorical claim that faux wood is lighter than real wood against actual products; do not reuse this body on Monroeville.,Material choice and service logistics; Products suited to the actual project; How local consultations work; One documented project or attributable review; Coverage and contact questions,"Confirm service coverage and any travel fees; obtain a real local project and permission, if available. Never invent neighborhood jobs, testimonials or a local office.",https://www.beautifulblindsandshades.com/location/beautiful-blinds-and-shades-service-area | https://www.beautifulblindsandshades.com/products/blinds | https://www.beautifulblindsandshades.com/products/shades | https://www.beautifulblindsandshades.com/products/plantation-shutters | https://www.beautifulblindsandshades.com/contact,e27ab0a0c5969c6a
https://www.beautifulblindsandshades.com/blog-post/5-ways-custom-blinds-and-shades-can-transform-your-fort-wayne-home,Informational guide,P2,Preserve URL; improve content in place,Preparing window treatments for fall,5-ways-custom-blinds-and-shades-can-transform-your-fort-wayne-home,"See how custom blinds and shades can refresh your space, improve comfort, and upgrade your Fort Wayne home this fall season.",5 Ways Custom Blinds and Shades Can Transform Your Fort Wayne Home This Fall,,,True,1029,879,2,6,6,0,best blinds fort wayne indiana #77 (2026-08-12); blinds fort wayne #85 (2026-08-14); window treatments fort wayne indiana #88 (2026-09-05); blinds fort wayne indiana #89 (2026-08-21),No HTML canonical; Title is raw URL slug; Audit BlogPosting topic and dates,"Keep as a seasonal checklist, not another general Fort Wayne sales page. Qualify heat-loss and home-value claims; use a real dated inspection checklist.",Assess privacy and glare; Check worn controls; Choose insulation options; Plan ordering before holidays; Arrange an assessment,"David must approve first-person anecdotes, experience and technical advice. Manufacturer/DOE evidence for quantified performance. Use genuine author/reviewer and accurate publication/update dates.",https://www.beautifulblindsandshades.com/blog-post/fort-wayne-window-treatments-guide | https://www.beautifulblindsandshades.com/blog-post/save-energy-window-treatments-fort-wayne | https://www.beautifulblindsandshades.com/contact,90b20e6e3abf8abc
https://www.beautifulblindsandshades.com/blog-post/best-window-blinds-new-construction-homes-huntertown-indiana,Informational guide,P2,Preserve URL; improve content in place,Window treatments for new construction in Huntertown,best-window-blinds-new-construction-homes-huntertown-indiana,"Discover the best window blinds for new construction homes in Huntertown, Indiana. Expert tips on faux wood blinds, cellular shades, roller shades & motorized options from Beautiful Blinds and Shades.","Best Window Blinds for New Construction Homes in Huntertown, Indiana",,,True,819,679,3,not reported,0,not reported,No row returned in current US keyword export; not proof of no impressions or value.,No HTML canonical; Title is raw URL slug; Audit BlogPosting topic and dates,"Useful distinct intent. Add when to measure after trim, move-in privacy, whole-home priorities and wiring coordination, with David-approved advice.",When to plan and measure; Prioritize rooms; Compare products; Plan power with the builder; Installation timing,"David must approve first-person anecdotes, experience and technical advice. Manufacturer/DOE evidence for quantified performance. Use genuine author/reviewer and accurate publication/update dates.",https://www.beautifulblindsandshades.com/beautiful-blinds-shades-service-areas/custom-window-treatments-in-huntertown-indiana | https://www.beautifulblindsandshades.com/products/blinds | https://www.beautifulblindsandshades.com/products/shades | https://www.beautifulblindsandshades.com/blog-post/motorized-blinds-and-shades-in-fort-wayne | https://www.beautifulblindsandshades.com/contact,25bd424179fd5adb
https://www.beautifulblindsandshades.com/blog-post/blackout-window-treatments-bluffton-homes,Informational guide,P2,Preserve URL; improve content in place,Blackout versus room-darkening for Bluffton bedrooms,blackout-window-treatments-bluffton-homes,"Bluffton homeowners increasingly discover that standard blinds and shades don't deliver the complete light blocking their bedrooms need. True blackout window treatments eliminate these light intrusions entirely, creating the darkness your body needs for restorative sleep regardless of outside conditions.",Blackout Window Treatments for Bluffton Homes: Complete Light Control for Wells County Living,,,False,1476,1308,2,not reported,0,not reported,No row returned in current US keyword export; not proof of no impressions or value.,No HTML canonical; Title is raw URL slug; Audit BlogPosting topic and dates; Missing from sitemap,Missing from sitemap. Retain URL and add to sitemap at migration. Distinguish opaque fabric from installed light gaps; remove unsourced 10-15% energy and fixed transmission claims.,Blackout fabric versus room results; Edge gaps and mounting; Cellular versus roller versus lined Roman; Controls for shift workers; Quote considerations,"David must approve first-person anecdotes, experience and technical advice. Manufacturer/DOE evidence for quantified performance. Use genuine author/reviewer and accurate publication/update dates.",https://www.beautifulblindsandshades.com/beautiful-blinds-shades-service-areas/window-treatments-bluffton-indiana | https://www.beautifulblindsandshades.com/custom-shades-fort-wayne-indiana/cellular-shades-fort-wayne-indiana | https://www.beautifulblindsandshades.com/custom-shades-fort-wayne-indiana/custom-roller-shades-fort-wayne-indiana | https://www.beautifulblindsandshades.com/contact,b79e16699214c14a
https://www.beautifulblindsandshades.com/blog-post/energy-efficient-blinds-leo-cedarville-indiana-homes,Informational guide,P2,Preserve URL; improve content in place,Choosing efficient coverings in Leo-Cedarville,energy-efficient-blinds-leo-cedarville-indiana-homes,"Save on energy bills with energy-efficient blinds for your Leo-Cedarville, Indiana home. Explore cellular shades, solar shades, insulated Roman shades & more from Beautiful Blinds and Shades.","Energy-Efficient Blinds for Leo-Cedarville, Indiana Homes",,,True,996,843,3,not reported,0,not reported,No row returned in current US keyword export; not proof of no impressions or value.,No HTML canonical; Title is raw URL slug; Audit BlogPosting topic and dates,"Overlaps general energy article. Keep now, narrow to a documented local example or local planning questions. If no unique value or search/conversion demand can be shown later, consolidation is a candidate, not an immediate decision.",Identify exposure and current windows; Compare options; Installation and operating habits; Realistic evidence; Local assessment,"David must approve first-person anecdotes, experience and technical advice. Manufacturer/DOE evidence for quantified performance. Use genuine author/reviewer and accurate publication/update dates.",https://www.beautifulblindsandshades.com/blog-post/save-energy-window-treatments-fort-wayne | https://www.beautifulblindsandshades.com/beautiful-blinds-shades-service-areas/window-treatments-leo-cedarville-indiana | https://www.beautifulblindsandshades.com/products/shades | https://www.beautifulblindsandshades.com/contact,352769b2d1315138
https://www.beautifulblindsandshades.com/blog-post/fort-wayne-window-treatments-guide,Informational guide,P2,Preserve URL; improve content in place,"How to choose blinds, shades or shutters",fort-wayne-window-treatments-guide,Explore every major window treatment option and learn how to choose the perfect solutions for your Fort Wayne home.,"The Complete Guide to Window Treatments in Fort Wayne, IN",,,True,1644,1472,2,6,6,0,window treatments fort wayne indiana #43 (2026-09-05); blinds fort wayne #58 (2026-08-14); window blinds fort wayne #63 (2026-09-15); best blinds fort wayne #76 (2026-08-11),No HTML canonical; Title is raw URL slug; Audit BlogPosting topic and dates,"Keep educational comparison ownership. Replace repeated local sales wording with a decision table, tradeoffs and links to category/product pages. Verify claimed 20 years of experience.","Blinds versus shades versus shutters; Choose by room; Privacy, glare and darkness; Materials and care; Budget and installation questions","David must approve first-person anecdotes, experience and technical advice. Manufacturer/DOE evidence for quantified performance. Use genuine author/reviewer and accurate publication/update dates.",https://www.beautifulblindsandshades.com/products/blinds | https://www.beautifulblindsandshades.com/products/shades | https://www.beautifulblindsandshades.com/products/plantation-shutters | https://www.beautifulblindsandshades.com/contact,0ef4f156691cac59
https://www.beautifulblindsandshades.com/blog-post/motorized-zebra-shades-fort-wayne-light-control,Informational guide,P2,Preserve URL; improve content in place,Motorized zebra shade alignment and controls,motorized-zebra-shades-fort-wayne-light-control,motorized-zebra-shades-fort-wayne-light-control,Motorized Zebra Shades: The Perfect Light Control Solution for Fort Wayne Homes,,,True,2374,2204,2,not reported,0,not reported,No row returned in current US keyword export; not proof of no impressions or value.,No HTML canonical; Title is raw URL slug; Audit BlogPosting topic and dates,Keep narrow educational intent. Correct the false either-light-or-privacy framing about all traditional treatments; compare real tradeoffs.,Alternating band alignment; Presets and group controls; Nighttime privacy; Hub and power requirements; Zebra versus roller/cellular,"David must approve first-person anecdotes, experience and technical advice. Manufacturer/DOE evidence for quantified performance. Use genuine author/reviewer and accurate publication/update dates.",https://www.beautifulblindsandshades.com/custom-shades-fort-wayne-indiana/layered-shades-fort-wayne-indiana | https://www.beautifulblindsandshades.com/blog-post/motorized-blinds-and-shades-in-fort-wayne | https://www.beautifulblindsandshades.com/contact,24b3cdbb190fe92d
https://www.beautifulblindsandshades.com/blog-post/outdoor-patio-shades-guild-fort-wayne,Informational guide,P2,Preserve URL; improve content in place,Choosing outdoor shade fabric and mounting,outdoor-patio-shades-guild-fort-wayne,"Discover how outdoor shades help Fort Wayne homeowners stay cooler, increase comfort, and elevate curb appeal.",Why Fort Wayne Homes Need Outdoor Shades: Beat the Heat and Boost Your Home's Appeal,,,True,1691,1535,3,not reported,0,not reported,No row returned in current US keyword export; not proof of no impressions or value.,No HTML canonical; Title is raw URL slug; Audit BlogPosting topic and dates,Retain misspelled guild slug for now. Keep as a selection guide supporting the outdoor service page; distinguish mesh shades from weather enclosures/insect screens.,Measure sun exposure; Fabric and openness; Mounting and tracks; Weather limits and retraction; Care and installation questions,"David must approve first-person anecdotes, experience and technical advice. Manufacturer/DOE evidence for quantified performance. Use genuine author/reviewer and accurate publication/update dates.",https://www.beautifulblindsandshades.com/services/outdoor-shades | https://www.beautifulblindsandshades.com/blog-post/motorized-blinds-and-shades-in-fort-wayne | https://www.beautifulblindsandshades.com/contact,1eeb75e3ca49eb2e
https://www.beautifulblindsandshades.com/blog-post/save-energy-window-treatments-fort-wayne,Informational guide,P2,Preserve URL; improve content in place,Energy-efficient window treatment comparison,save-energy-window-treatments-fort-wayne,"Learn how modern blinds and shades can reduce heat loss, lower energy bills, and create a more efficient Fort Wayne home.",How Window Treatments Can Enhance Your Home's Energy Efficiency in Fort Wayne,,,True,1289,1137,2,3,2,0,best blinds fort wayne indiana #78 (2026-08-12); window treatments fort wayne indiana #92 (2026-09-05),No HTML canonical; Title is raw URL slug; Audit BlogPosting topic and dates,Make this the broad efficiency guide. Distinguish window heat loss from whole-house bill savings; remove unsourced local customer percentages and payback calculations.,Where energy loss occurs; Cellular versus solar versus lined fabrics; Orientation and fit; Daily opening/closing; How to compare evidence,"David must approve first-person anecdotes, experience and technical advice. Manufacturer/DOE evidence for quantified performance. Use genuine author/reviewer and accurate publication/update dates.",https://www.beautifulblindsandshades.com/custom-shades-fort-wayne-indiana/cellular-shades-fort-wayne-indiana | https://www.beautifulblindsandshades.com/custom-shades-fort-wayne-indiana/solar-shades-fort-wayne-indiana | https://www.beautifulblindsandshades.com/blog-post/cellular-shades-fort-wayne-energy-savings | https://www.beautifulblindsandshades.com/contact,f5cb1a50beb9a580
https://www.beautifulblindsandshades.com/blogs,Editorial hub,P2,Preserve URL; improve content in place,Window treatment advice and buying guides,"Blinds & Shades Blog | Tips & Ideas | Fort Wayne, IN","Expert advice on blinds, shades & window treatments from Beautiful Blinds and Shades. Design tips, energy-saving ideas, and local insights for Fort Wayne area homeowners.",Read our Latest Blog,,,True,1345,1351,1,5,4,0,best blinds fort wayne indiana #70 (2026-08-12); blinds fort wayne #81 (2026-08-14); best blinds fort wayne #82 (2026-08-11); blinds fort wayne indiana #85 (2026-08-21),No HTML canonical,"Preserve all article URLs and crawlable links. Slug-like excerpts and repeated generic reading times need cleanup. Organize by choosing products, comfort, motorization and care.",Choose a product; Privacy and comfort; Motorization; Local projects and planning,"Confirm product availability, claims, warranty terms, and real installation examples with David.",https://www.beautifulblindsandshades.com/blog-post/fort-wayne-window-treatments-guide | https://www.beautifulblindsandshades.com/blog-post/motorized-blinds-and-shades-in-fort-wayne | https://www.beautifulblindsandshades.com/products/shades | https://www.beautifulblindsandshades.com/products/blinds | https://www.beautifulblindsandshades.com/contact,ed7df945600259e1
https://www.beautifulblindsandshades.com/custom-blinds-fort-wayne-indiana/custom-mini-blinds-in-fort-wayne-indiana,Product buying/selection,P2,Preserve URL; improve content in place,Mini blinds Fort Wayne,Mini Blinds | Beautiful Blinds & Shades Fort Wayne,"Custom Mini Blinds in Fort Wayne, Indiana. Free in-home consultation, professional installation. Locally owned. Call (260) 222-6467 for a quote.","Custom Mini Blinds Fort Wayne, Indiana | Mini Blinds in Fort Wayne, Indiana",,,True,2138,1936,1,not reported,0,not reported,No row returned in current US keyword export; not proof of no impressions or value.,No HTML canonical; 2 H1 elements,Two H1s. Differentiate narrow slats and practical cost/maintenance considerations from the broader Venetian page; confirm current cordless offerings.,Slat size and materials; Light adjustment; Rooms and rentals; Controls; Cleaning and repair; Measuring,"Confirm product availability, claims, warranty terms, and real installation examples with David.",https://www.beautifulblindsandshades.com/products/blinds | https://www.beautifulblindsandshades.com/contact | https://www.beautifulblindsandshades.com/blog-post/motorized-blinds-and-shades-in-fort-wayne,b9f4a1eeaa060d90
https://www.beautifulblindsandshades.com/custom-blinds-fort-wayne-indiana/custom-panel-track-blinds-fort-wayne-indiana,Product buying/selection,P2,Preserve URL; improve content in place,Panel track blinds Fort Wayne,Panel Track Blinds | Beautiful Blinds & Shades Fort Wayne,"Custom Panel Track Blinds in Fort Wayne, Indiana. Free in-home consultation, professional installation. Locally owned. Call (260) 222-6467 for a quote.","Custom Panel Track Blinds Fort Wayne, Indiana | Panel Track Blinds in Fort Wayne, Indiana",,,True,2190,1989,1,not reported,0,not reported,No row returned in current US keyword export; not proof of no impressions or value.,No HTML canonical; 2 H1 elements,Two H1s. Keep sliding-door and wide-opening intent; remove unexplained Hoagland/Syracuse lifespan claims.,Panel width and track layout; Stack direction and clearance; Fabric opacity; Door access; Controls; Panel care,"Confirm product availability, claims, warranty terms, and real installation examples with David.",https://www.beautifulblindsandshades.com/products/blinds | https://www.beautifulblindsandshades.com/contact | https://www.beautifulblindsandshades.com/blog-post/motorized-blinds-and-shades-in-fort-wayne,24f1dc722b96377a
https://www.beautifulblindsandshades.com/custom-blinds-fort-wayne-indiana/custom-venetian-blinds-in-fort-wayne-indiana,Product buying/selection,P2,Preserve URL; improve content in place,Venetian / horizontal blinds Fort Wayne,Venetian Blinds | Beautiful Blinds & Shades Fort Wayne,"Custom Venetian Blinds in Fort Wayne, Indiana. Free in-home consultation, professional installation. Locally owned. Call (260) 222-6467 for a quote.","Custom Venetian Blinds In Fort Wayne Indiana | Venetian Blinds in Fort Wayne, Indiana",,,True,1928,1730,2,not reported,0,not reported,No row returned in current US keyword export; not proof of no impressions or value.,No HTML canonical; 2 H1 elements,"Two H1s. Explain horizontal-blind umbrella and material tradeoffs, then link narrow-slat shoppers to mini blinds. Keep wood and faux wood as sections pending demand evidence.",Slat size; Wood versus faux wood versus aluminum; Tilt and lift; Moisture and weight; Controls; Cleaning,"Confirm product availability, claims, warranty terms, and real installation examples with David.",https://www.beautifulblindsandshades.com/products/blinds | https://www.beautifulblindsandshades.com/contact | https://www.beautifulblindsandshades.com/blog-post/motorized-blinds-and-shades-in-fort-wayne,356553ab8e6d3444
https://www.beautifulblindsandshades.com/custom-blinds-fort-wayne-indiana/custom-vertical-blinds-fort-wayne-indiana,Product buying/selection,P2,Preserve URL; improve content in place,Vertical blinds Fort Wayne,Vertical Blinds | Beautiful Blinds & Shades Fort Wayne,"Custom Vertical Blinds in Fort Wayne, Indiana. Free in-home consultation, professional installation. Locally owned. Call (260) 222-6467 for a quote.","Custom Vertical Blinds Fort Wayne, Indiana | Vertical Blinds in Fort Wayne, Indiana",,,True,1955,1758,1,not reported,0,not reported,No row returned in current US keyword export; not proof of no impressions or value.,No HTML canonical; 2 H1 elements,"Two H1s. Keep patio-door function separate from panel tracks. Explain stack, vane choice, access and repairable parts.",Vane materials; Stack direction; Sliding-door clearance; Light control; Wand operation; Replacing damaged vanes,"Confirm product availability, claims, warranty terms, and real installation examples with David.",https://www.beautifulblindsandshades.com/products/blinds | https://www.beautifulblindsandshades.com/contact | https://www.beautifulblindsandshades.com/blog-post/motorized-blinds-and-shades-in-fort-wayne,0f0223482fdceed6
https://www.beautifulblindsandshades.com/custom-shades-fort-wayne-indiana/cellular-shades-fort-wayne-indiana,Product buying/selection,P2,Preserve URL; improve content in place,Cellular / honeycomb shades Fort Wayne,Cellular Shades | Beautiful Blinds and Shades Fort Wayne,Discover our cellular shades and how they can improve insulation while reducing your energy costs today. Custom-fit sheer shades with free in-home consultation. Serving Fort Wayne & Allen County. Call (260) 222-6467.,Custom Cellular Shades Fort Wayne Indiana,,,True,1777,1542,3,not reported,0,not reported,No row returned in current US keyword export; not proof of no impressions or value.,No HTML canonical,Keep buying intent separate from winter-insulation article. Qualify bill-saving figures; cell construction alone does not prove a fixed saving.,Cell construction and insulation; Single versus double cell; Light-filtering versus room-darkening; Top-down/bottom-up availability; Large windows and doors; Controls and care,"Confirm product availability, claims, warranty terms, and real installation examples with David.",https://www.beautifulblindsandshades.com/products/shades | https://www.beautifulblindsandshades.com/contact | https://www.beautifulblindsandshades.com/blog-post/motorized-blinds-and-shades-in-fort-wayne | https://www.beautifulblindsandshades.com/blog-post/cellular-shades-fort-wayne-energy-savings,4c99a185fe5948dc
https://www.beautifulblindsandshades.com/custom-shades-fort-wayne-indiana/layered-shades-fort-wayne-indiana,Product buying/selection,P2,Preserve URL; improve content in place,Layered / zebra shades Fort Wayne,Layered Shades | Beautiful Blinds and Shades Fort Wayne,Discover our layered shades and how they can give you flexible control between privacy and natural light. Custom-fit sheer shades with free in-home consultation. Serving Fort Wayne & Allen County. Call (260) 222-6467.,Custom Layered Shades Fort Wayne Indiana,,,True,1646,1444,1,not reported,0,not reported,No row returned in current US keyword export; not proof of no impressions or value.,No HTML canonical,Own layered and zebra product buying intent on one page. Separate motorized-zebra use cases into the existing article; do not create another synonym landing page.,How alternating bands work; Privacy by day and night; Alignment and adjacent windows; Fabric choices; Cordless/motorized options; Care and limitations,"Confirm product availability, claims, warranty terms, and real installation examples with David.",https://www.beautifulblindsandshades.com/products/shades | https://www.beautifulblindsandshades.com/contact | https://www.beautifulblindsandshades.com/blog-post/motorized-blinds-and-shades-in-fort-wayne | https://www.beautifulblindsandshades.com/blog-post/motorized-zebra-shades-fort-wayne-light-control,a44c69ca30ce4b3d
https://www.beautifulblindsandshades.com/custom-shades-fort-wayne-indiana/natural-shades-fort-wayne-indiana,Product buying/selection,P2,Preserve URL; improve content in place,Natural / woven wood shades Fort Wayne,Natural Shades | Beautiful Blinds and Shades Fort Wayne,Discover our natural shades and how they can bring warmth and organic texture into your living space. Custom-fit sheer shades with free in-home consultation. Serving Fort Wayne & Allen County. Call (260) 222-6467.,Custom Natural Shades Fort Wayne Indiana,,,True,1931,1708,1,not reported,0,not reported,No row returned in current US keyword export; not proof of no impressions or value.,No HTML canonical,"Keep texture, liners and nighttime privacy guidance. Avoid implying every natural weave provides privacy or is suitable for wet rooms.","Bamboo, reeds and woven materials; Natural variation; Privacy and blackout liners; Rooms and humidity; Controls; Care","Confirm product availability, claims, warranty terms, and real installation examples with David.",https://www.beautifulblindsandshades.com/products/shades | https://www.beautifulblindsandshades.com/contact | https://www.beautifulblindsandshades.com/blog-post/motorized-blinds-and-shades-in-fort-wayne,de35f80f3644f0b4
https://www.beautifulblindsandshades.com/custom-shades-fort-wayne-indiana/pleated-shades-fort-wayne-indiana,Product buying/selection,P2,Preserve URL; improve content in place,Pleated shades Fort Wayne,Pleated Shades | Beautiful Blinds and Shades Fort Wayne,"Discover our pleated shades and how they can provide affordable, functional coverage for any window size. Custom-fit sheer shades with free in-home consultation. Serving Fort Wayne & Allen County. Call (260) 222-6467.",Custom Pleated Shades FOrt Wayne Indiana,,,True,1815,1593,1,not reported,0,not reported,No row returned in current US keyword export; not proof of no impressions or value.,No HTML canonical,Correct FOrt in hero. Clearly distinguish single pleated fabric from cellular insulation; retain honest limitations rather than treating them as inferior filler.,Pleated versus cellular construction; Light and privacy; Fabric/lining choices; Suitable rooms; Available controls; Care,"Confirm product availability, claims, warranty terms, and real installation examples with David.",https://www.beautifulblindsandshades.com/products/shades | https://www.beautifulblindsandshades.com/contact | https://www.beautifulblindsandshades.com/blog-post/motorized-blinds-and-shades-in-fort-wayne,e3f8fdcd96fab10a
https://www.beautifulblindsandshades.com/custom-shades-fort-wayne-indiana/roman-shades-fort-wayne-indiana,Product buying/selection,P2,Preserve URL; improve content in place,Roman shades Fort Wayne,Roman Shades | Beautiful Blinds and Shades Fort Wayne,"Discover our elegant roman shades and how they can add soft, tailored sophistication to your windows. Custom-fit sheer shades with free in-home consultation. Serving Fort Wayne & Allen County. Call (260) 222-6467.","Custom Roman Shades Fort Wayne Indiana | Roman Shades in Fort Wayne, Indiana",,,True,1737,1541,1,not reported,0,not reported,No row returned in current US keyword export; not proof of no impressions or value.,No HTML canonical; 2 H1 elements,"Two H1s. Keep fabric, folds and lining guidance; qualify the unsupported universal 99% blackout promise.",Flat and folded styles; Fabric sampling; Liners and light gaps; Stack height and mounting; Controls; Cleaning,"Confirm product availability, claims, warranty terms, and real installation examples with David.",https://www.beautifulblindsandshades.com/products/shades | https://www.beautifulblindsandshades.com/contact | https://www.beautifulblindsandshades.com/blog-post/motorized-blinds-and-shades-in-fort-wayne,66e0efe3eef5d883
https://www.beautifulblindsandshades.com/custom-shades-fort-wayne-indiana/solar-shades-fort-wayne-indiana,Product buying/selection,P2,Preserve URL; improve content in place,Solar shades Fort Wayne,Solar Shades | Beautiful Blinds and Shades Fort Wayne,Discover our solar shades and how they can reduce glare and heat while maintaining your outdoor views. Custom-fit sheer shades with free in-home consultation. Serving Fort Wayne & Allen County. Call (260) 222-6467.,Custom Solar Shades Fort Wayne Indiana,,,True,1336,1125,1,not reported,0,not reported,No row returned in current US keyword export; not proof of no impressions or value.,No HTML canonical,Retain openness explanation and view/glare intent. Nighttime privacy must be explicit. Do not equate openness with a universal UV or heat rejection percentage.,Openness and view; Glare and UV data; Day versus night privacy; Fabric color; Room and orientation; Operation,"Confirm product availability, claims, warranty terms, and real installation examples with David.",https://www.beautifulblindsandshades.com/products/shades | https://www.beautifulblindsandshades.com/contact | https://www.beautifulblindsandshades.com/blog-post/motorized-blinds-and-shades-in-fort-wayne,ddacfefa85801cc6
