Url,Number of Keywords,Traffic,Traffic (%)
https://www.beautifulblindsandshades.com/services/blind-shade-repair,112,13,35.13
https://www.beautifulblindsandshades.com/,20,12,32.43
https://www.beautifulblindsandshades.com/services/outdoor-shades,50,5,13.51
https://www.beautifulblindsandshades.com/products/blinds,121,4,10.81
http://www.beautifulblindsandshades.com/,1,1,2.70
https://www.beautifulblindsandshades.com/beautiful-blinds-shades-service-areas/window-treatments-hicksville-indiana,4,1,2.70
https://www.beautifulblindsandshades.com/blog-post/motorized-blinds-and-shades-in-fort-wayne,7,1,2.70
https://www.beautifulblindsandshades.com/blog-post/fort-wayne-window-treatments-guide,6,0,0.00
https://www.beautifulblindsandshades.com/services/window-treatments,10,0,0.00
https://www.beautifulblindsandshades.com/services/blind-and-shade-cleaning,68,0,0.00
https://www.beautifulblindsandshades.com/beautiful-blinds-shades-service-areas/custom-window-treatments-harlan-indiana,2,0,0.00
https://www.beautifulblindsandshades.com/beautiful-blinds-shades-service-areas/window-treatments-bluffton-indiana,3,0,0.00
https://www.beautifulblindsandshades.com/beautiful-blinds-shades-service-areas/window-treatments-syracuse-indiana,1,0,0.00
https://www.beautifulblindsandshades.com/blogs,5,0,0.00
https://www.beautifulblindsandshades.com/products/shades,8,0,0.00
https://www.beautifulblindsandshades.com/beautiful-blinds-shades-service-areas/custom-window-treatments-in-huntertown-indiana,1,0,0.00
https://www.beautifulblindsandshades.com/beautiful-blinds-shades-service-areas/window-treatments-auburn-indiana,6,0,0.00
https://www.beautifulblindsandshades.com/beautiful-blinds-shades-service-areas/blinds-and-shades-fort-wayne-indiana,11,0,0.00
https://www.beautifulblindsandshades.com/products/plantation-shutters,38,0,0.00
https://www.beautifulblindsandshades.com/about-beautiful-blinds-and-shades,8,0,0.00
https://www.beautifulblindsandshades.com/blog-post/5-ways-custom-blinds-and-shades-can-transform-your-fort-wayne-home,6,0,0.00
https://www.beautifulblindsandshades.com/blog-post/save-energy-window-treatments-fort-wayne,3,0,0.00
https://www.beautifulblindsandshades.com/blog-post/custom-roller-shades-fort-wayne-open-concept-homes,4,0,0.00
https://www.beautifulblindsandshades.com/blog-post/cellular-shades-fort-wayne-energy-savings,1,0,0.00
https://www.beautifulblindsandshades.com/location/beautiful-blinds-and-shades-service-area,7,0,0.00
https://www.beautifulblindsandshades.com/beautiful-blinds-shades-service-areas/window-treatments-leo-cedarville-indiana,1,0,0.00
