source_url,current_status,final_url,proposed_target,action,confidence,reason,reported_backlinks,reported_referring_domains,backlink_last_seen_utc,approval_state
http://beautifulblindsandshades.com/,200,https://www.beautifulblindsandshades.com/,https://www.beautifulblindsandshades.com/,Preserve existing host/scheme redirect,Observed,Host/scheme normalization already reaches 200.,36,26,2026-08-05T17:40:40+00:00,Planning only; not deployed
http://beautifulblindsandshades.com/ROUYZ/,404,https://www.beautifulblindsandshades.com/ROUYZ,,Review; retain real 404 until resolved,Uncertain,No sufficiently certain equivalent. Do not redirect unrelated URLs to homepage.,0,0,2019-03-31T19:33:49+00:00,Planning only; not deployed
http://www.beautifulblindsandshades.com/,200,https://www.beautifulblindsandshades.com/,https://www.beautifulblindsandshades.com/,Preserve existing host/scheme redirect,Observed,Host/scheme normalization already reaches 200.,2,2,2026-09-09T18:46:06+00:00,Planning only; not deployed
https://beautifulblindsandshades.com/,200,https://www.beautifulblindsandshades.com/,https://www.beautifulblindsandshades.com/,Preserve existing host/scheme redirect,Observed,Host/scheme normalization already reaches 200.,132,66,2026-08-05T04:58:54+00:00,Planning only; not deployed
https://www.beautifulblindsandshades.com/,200,https://www.beautifulblindsandshades.com/,https://www.beautifulblindsandshades.com/,Keep URL (200),Confirmed live,No URL change proposed for initial design migration.,3,1,2026-09-09T18:46:06+00:00,Planning only; not deployed
https://www.beautifulblindsandshades.com/about,404,https://www.beautifulblindsandshades.com/about,https://www.beautifulblindsandshades.com/about-beautiful-blinds-and-shades,Proposed 301,High,Matching current page intent.,0,0,2025-08-17T07:19:23+00:00,Planning only; not deployed
https://www.beautifulblindsandshades.com/about-beautiful-blinds-and-shades,200,https://www.beautifulblindsandshades.com/about-beautiful-blinds-and-shades,https://www.beautifulblindsandshades.com/about-beautiful-blinds-and-shades,Keep URL (200),Confirmed live,No URL change proposed for initial design migration.,0,0,2026-08-16T11:08:43+00:00,Planning only; not deployed
https://www.beautifulblindsandshades.com/beautiful-blinds-shades-service-areas/blinds-and-shades-fort-wayne-indiana,200,https://www.beautifulblindsandshades.com/beautiful-blinds-shades-service-areas/blinds-and-shades-fort-wayne-indiana,https://www.beautifulblindsandshades.com/beautiful-blinds-shades-service-areas/blinds-and-shades-fort-wayne-indiana,Keep URL (200),Confirmed live,No URL change proposed for initial design migration.,0,0,2026-08-12T08:54:39+00:00,Planning only; not deployed
https://www.beautifulblindsandshades.com/beautiful-blinds-shades-service-areas/custom-window-treatments-harlan-indiana,200,https://www.beautifulblindsandshades.com/beautiful-blinds-shades-service-areas/custom-window-treatments-harlan-indiana,https://www.beautifulblindsandshades.com/beautiful-blinds-shades-service-areas/custom-window-treatments-harlan-indiana,Keep URL (200),Confirmed live,No URL change proposed for initial design migration.,0,0,2026-08-17T20:41:53+00:00,Planning only; not deployed
https://www.beautifulblindsandshades.com/beautiful-blinds-shades-service-areas/custom-window-treatments-in-huntertown-indiana,200,https://www.beautifulblindsandshades.com/beautiful-blinds-shades-service-areas/custom-window-treatments-in-huntertown-indiana,https://www.beautifulblindsandshades.com/beautiful-blinds-shades-service-areas/custom-window-treatments-in-huntertown-indiana,Keep URL (200),Confirmed live,No URL change proposed for initial design migration.,0,0,2026-08-20T05:50:40+00:00,Planning only; not deployed
https://www.beautifulblindsandshades.com/beautiful-blinds-shades-service-areas/window-treatment-columbia-city-indiana,200,https://www.beautifulblindsandshades.com/beautiful-blinds-shades-service-areas/window-treatment-columbia-city-indiana,https://www.beautifulblindsandshades.com/beautiful-blinds-shades-service-areas/window-treatment-columbia-city-indiana,Keep URL (200),Confirmed live,No URL change proposed for initial design migration.,0,0,2026-09-23T21:21:03+00:00,Planning only; not deployed
https://www.beautifulblindsandshades.com/beautiful-blinds-shades-service-areas/window-treatments-angola-indiana,200,https://www.beautifulblindsandshades.com/beautiful-blinds-shades-service-areas/window-treatments-angola-indiana,https://www.beautifulblindsandshades.com/beautiful-blinds-shades-service-areas/window-treatments-angola-indiana,Keep URL (200),Confirmed live,No URL change proposed for initial design migration.,0,0,2026-09-04T20:10:22+00:00,Planning only; not deployed
https://www.beautifulblindsandshades.com/beautiful-blinds-shades-service-areas/window-treatments-auburn-indiana,200,https://www.beautifulblindsandshades.com/beautiful-blinds-shades-service-areas/window-treatments-auburn-indiana,https://www.beautifulblindsandshades.com/beautiful-blinds-shades-service-areas/window-treatments-auburn-indiana,Keep URL (200),Confirmed live,No URL change proposed for initial design migration.,0,0,2026-08-23T14:28:36+00:00,Planning only; not deployed
https://www.beautifulblindsandshades.com/beautiful-blinds-shades-service-areas/window-treatments-bluffton-indiana,200,https://www.beautifulblindsandshades.com/beautiful-blinds-shades-service-areas/window-treatments-bluffton-indiana,https://www.beautifulblindsandshades.com/beautiful-blinds-shades-service-areas/window-treatments-bluffton-indiana,Keep URL (200),Confirmed live,No URL change proposed for initial design migration.,0,0,2026-09-24T08:44:47+00:00,Planning only; not deployed
https://www.beautifulblindsandshades.com/beautiful-blinds-shades-service-areas/window-treatments-grabill-indiana,200,https://www.beautifulblindsandshades.com/beautiful-blinds-shades-service-areas/window-treatments-grabill-indiana,https://www.beautifulblindsandshades.com/beautiful-blinds-shades-service-areas/window-treatments-grabill-indiana,Keep URL (200),Confirmed live,No URL change proposed for initial design migration.,0,0,2026-08-19T18:18:58+00:00,Planning only; not deployed
https://www.beautifulblindsandshades.com/beautiful-blinds-shades-service-areas/window-treatments-hicksville-indiana,200,https://www.beautifulblindsandshades.com/beautiful-blinds-shades-service-areas/window-treatments-hicksville-indiana,https://www.beautifulblindsandshades.com/beautiful-blinds-shades-service-areas/window-treatments-hicksville-indiana,Keep URL (200),Confirmed live,No URL change proposed for initial design migration.,0,0,2026-07-10T01:48:19+00:00,Planning only; not deployed
https://www.beautifulblindsandshades.com/beautiful-blinds-shades-service-areas/window-treatments-hoagland-indiana,200,https://www.beautifulblindsandshades.com/beautiful-blinds-shades-service-areas/window-treatments-hoagland-indiana,https://www.beautifulblindsandshades.com/beautiful-blinds-shades-service-areas/window-treatments-hoagland-indiana,Keep URL (200),Confirmed live,No URL change proposed for initial design migration.,0,0,2026-08-09T03:37:42+00:00,Planning only; not deployed
https://www.beautifulblindsandshades.com/beautiful-blinds-shades-service-areas/window-treatments-in-kendallville-indiana,200,https://www.beautifulblindsandshades.com/beautiful-blinds-shades-service-areas/window-treatments-in-kendallville-indiana,https://www.beautifulblindsandshades.com/beautiful-blinds-shades-service-areas/window-treatments-in-kendallville-indiana,Keep URL (200),Confirmed live,No URL change proposed for initial design migration.,0,0,2026-04-17T09:50:45+00:00,Planning only; not deployed
https://www.beautifulblindsandshades.com/beautiful-blinds-shades-service-areas/window-treatments-leo-cedarville-indiana,200,https://www.beautifulblindsandshades.com/beautiful-blinds-shades-service-areas/window-treatments-leo-cedarville-indiana,https://www.beautifulblindsandshades.com/beautiful-blinds-shades-service-areas/window-treatments-leo-cedarville-indiana,Keep URL (200),Confirmed live,No URL change proposed for initial design migration.,0,0,2026-06-16T07:05:08+00:00,Planning only; not deployed
https://www.beautifulblindsandshades.com/beautiful-blinds-shades-service-areas/window-treatments-monroeville-indiana,200,https://www.beautifulblindsandshades.com/beautiful-blinds-shades-service-areas/window-treatments-monroeville-indiana,https://www.beautifulblindsandshades.com/beautiful-blinds-shades-service-areas/window-treatments-monroeville-indiana,Keep URL (200),Confirmed live,No URL change proposed for initial design migration.,0,0,2026-08-28T17:59:36+00:00,Planning only; not deployed
https://www.beautifulblindsandshades.com/beautiful-blinds-shades-service-areas/window-treatments-new-haven-indiana,200,https://www.beautifulblindsandshades.com/beautiful-blinds-shades-service-areas/window-treatments-new-haven-indiana,https://www.beautifulblindsandshades.com/beautiful-blinds-shades-service-areas/window-treatments-new-haven-indiana,Keep URL (200),Confirmed live,No URL change proposed for initial design migration.,0,0,2026-07-10T19:15:03+00:00,Planning only; not deployed
https://www.beautifulblindsandshades.com/beautiful-blinds-shades-service-areas/window-treatments-syracuse-indiana,200,https://www.beautifulblindsandshades.com/beautiful-blinds-shades-service-areas/window-treatments-syracuse-indiana,https://www.beautifulblindsandshades.com/beautiful-blinds-shades-service-areas/window-treatments-syracuse-indiana,Keep URL (200),Confirmed live,No URL change proposed for initial design migration.,0,0,2026-04-10T17:19:03+00:00,Planning only; not deployed
https://www.beautifulblindsandshades.com/beautiful-blinds-shades-service-areas/window-treatments-warsaw-indiana,200,https://www.beautifulblindsandshades.com/beautiful-blinds-shades-service-areas/window-treatments-warsaw-indiana,https://www.beautifulblindsandshades.com/beautiful-blinds-shades-service-areas/window-treatments-warsaw-indiana,Keep URL (200),Confirmed live,No URL change proposed for initial design migration.,0,0,2026-08-27T16:00:52+00:00,Planning only; not deployed
https://www.beautifulblindsandshades.com/beautiful-blinds-shades-service-areas/window-treatments-woodburn-indiana,200,https://www.beautifulblindsandshades.com/beautiful-blinds-shades-service-areas/window-treatments-woodburn-indiana,https://www.beautifulblindsandshades.com/beautiful-blinds-shades-service-areas/window-treatments-woodburn-indiana,Keep URL (200),Confirmed live,No URL change proposed for initial design migration.,0,0,2026-09-14T03:45:23+00:00,Planning only; not deployed
https://www.beautifulblindsandshades.com/blinds,404,https://www.beautifulblindsandshades.com/blinds,https://www.beautifulblindsandshades.com/products/blinds,Proposed 301,High,Matching current page intent.,0,0,2025-12-09T22:03:08+00:00,Planning only; not deployed
https://www.beautifulblindsandshades.com/blinds/mini-blinds,404,https://www.beautifulblindsandshades.com/blinds/mini-blinds,https://www.beautifulblindsandshades.com/custom-blinds-fort-wayne-indiana/custom-mini-blinds-in-fort-wayne-indiana,Proposed 301,High,Legacy product URL has matching product intent.,0,0,2025-12-10T09:44:44+00:00,Planning only; not deployed
https://www.beautifulblindsandshades.com/blinds/panel-track-blinds,404,https://www.beautifulblindsandshades.com/blinds/panel-track-blinds,https://www.beautifulblindsandshades.com/custom-blinds-fort-wayne-indiana/custom-panel-track-blinds-fort-wayne-indiana,Proposed 301,High,Legacy product URL has matching product intent.,0,0,2025-12-05T17:44:04+00:00,Planning only; not deployed
https://www.beautifulblindsandshades.com/blinds/venetian-blinds,404,https://www.beautifulblindsandshades.com/blinds/venetian-blinds,https://www.beautifulblindsandshades.com/custom-blinds-fort-wayne-indiana/custom-venetian-blinds-in-fort-wayne-indiana,Proposed 301,High,Legacy product URL has matching product intent.,0,0,2025-12-05T13:26:01+00:00,Planning only; not deployed
https://www.beautifulblindsandshades.com/blinds/vertical-blinds,404,https://www.beautifulblindsandshades.com/blinds/vertical-blinds,https://www.beautifulblindsandshades.com/custom-blinds-fort-wayne-indiana/custom-vertical-blinds-fort-wayne-indiana,Proposed 301,High,Legacy product URL has matching product intent.,0,0,2025-12-26T23:38:58+00:00,Planning only; not deployed
https://www.beautifulblindsandshades.com/blog-post/5-ways-custom-blinds-and-shades-can-transform-your-fort-wayne-home,200,https://www.beautifulblindsandshades.com/blog-post/5-ways-custom-blinds-and-shades-can-transform-your-fort-wayne-home,https://www.beautifulblindsandshades.com/blog-post/5-ways-custom-blinds-and-shades-can-transform-your-fort-wayne-home,Keep URL (200),Confirmed live,No URL change proposed for initial design migration.,0,0,2026-08-20T10:05:59+00:00,Planning only; not deployed
https://www.beautifulblindsandshades.com/blog-post/best-window-blinds-new-construction-homes-huntertown-indiana,200,https://www.beautifulblindsandshades.com/blog-post/best-window-blinds-new-construction-homes-huntertown-indiana,https://www.beautifulblindsandshades.com/blog-post/best-window-blinds-new-construction-homes-huntertown-indiana,Keep URL (200),Confirmed live,No URL change proposed for initial design migration.,0,0,2026-05-10T22:27:36+00:00,Planning only; not deployed
https://www.beautifulblindsandshades.com/blog-post/blackout-window-treatments-bluffton-homes,200,https://www.beautifulblindsandshades.com/blog-post/blackout-window-treatments-bluffton-homes,https://www.beautifulblindsandshades.com/blog-post/blackout-window-treatments-bluffton-homes,Keep URL (200),Confirmed live,No URL change proposed for initial design migration.,0,0,2026-09-03T14:44:08+00:00,Planning only; not deployed
https://www.beautifulblindsandshades.com/blog-post/cellular-shades-fort-wayne-energy-savings,200,https://www.beautifulblindsandshades.com/blog-post/cellular-shades-fort-wayne-energy-savings,https://www.beautifulblindsandshades.com/blog-post/cellular-shades-fort-wayne-energy-savings,Keep URL (200),Confirmed live,No URL change proposed for initial design migration.,0,0,2026-08-14T16:44:45+00:00,Planning only; not deployed
https://www.beautifulblindsandshades.com/blog-post/custom-roller-shades-fort-wayne-open-concept-homes,200,https://www.beautifulblindsandshades.com/blog-post/custom-roller-shades-fort-wayne-open-concept-homes,https://www.beautifulblindsandshades.com/blog-post/custom-roller-shades-fort-wayne-open-concept-homes,Keep URL (200),Confirmed live,No URL change proposed for initial design migration.,0,0,2026-08-29T06:54:08+00:00,Planning only; not deployed
https://www.beautifulblindsandshades.com/blog-post/energy-efficient-blinds-leo-cedarville-indiana-homes,200,https://www.beautifulblindsandshades.com/blog-post/energy-efficient-blinds-leo-cedarville-indiana-homes,https://www.beautifulblindsandshades.com/blog-post/energy-efficient-blinds-leo-cedarville-indiana-homes,Keep URL (200),Confirmed live,No URL change proposed for initial design migration.,0,0,2026-09-13T04:54:48+00:00,Planning only; not deployed
https://www.beautifulblindsandshades.com/blog-post/fort-wayne-window-treatments-guide,200,https://www.beautifulblindsandshades.com/blog-post/fort-wayne-window-treatments-guide,https://www.beautifulblindsandshades.com/blog-post/fort-wayne-window-treatments-guide,Keep URL (200),Confirmed live,No URL change proposed for initial design migration.,1,1,2026-04-23T00:00:07+00:00,Planning only; not deployed
https://www.beautifulblindsandshades.com/blog-post/motorized-blinds-and-shades-in-fort-wayne,200,https://www.beautifulblindsandshades.com/blog-post/motorized-blinds-and-shades-in-fort-wayne,https://www.beautifulblindsandshades.com/blog-post/motorized-blinds-and-shades-in-fort-wayne,Keep URL (200),Confirmed live,No URL change proposed for initial design migration.,0,0,2026-07-22T08:42:28+00:00,Planning only; not deployed
https://www.beautifulblindsandshades.com/blog-post/motorized-zebra-shades-fort-wayne-light-control,200,https://www.beautifulblindsandshades.com/blog-post/motorized-zebra-shades-fort-wayne-light-control,https://www.beautifulblindsandshades.com/blog-post/motorized-zebra-shades-fort-wayne-light-control,Keep URL (200),Confirmed live,No URL change proposed for initial design migration.,0,0,2026-08-24T13:06:24+00:00,Planning only; not deployed
https://www.beautifulblindsandshades.com/blog-post/outdoor-patio-shades-guild-fort-wayne,200,https://www.beautifulblindsandshades.com/blog-post/outdoor-patio-shades-guild-fort-wayne,https://www.beautifulblindsandshades.com/blog-post/outdoor-patio-shades-guild-fort-wayne,Keep URL (200),Confirmed live,No URL change proposed for initial design migration.,0,0,2026-08-29T12:20:11+00:00,Planning only; not deployed
https://www.beautifulblindsandshades.com/blog-post/plantation-shutters-for-columbia-city-homes,200,https://www.beautifulblindsandshades.com/blog-post/plantation-shutters-for-columbia-city-homes,https://www.beautifulblindsandshades.com/blog-post/plantation-shutters-for-columbia-city-homes,Keep URL (200),Confirmed live,No URL change proposed for initial design migration.,0,0,2026-08-12T17:28:51+00:00,Planning only; not deployed
https://www.beautifulblindsandshades.com/blog-post/save-energy-window-treatments-fort-wayne,200,https://www.beautifulblindsandshades.com/blog-post/save-energy-window-treatments-fort-wayne,https://www.beautifulblindsandshades.com/blog-post/save-energy-window-treatments-fort-wayne,Keep URL (200),Confirmed live,No URL change proposed for initial design migration.,0,0,2026-09-23T08:13:08+00:00,Planning only; not deployed
https://www.beautifulblindsandshades.com/blogs,200,https://www.beautifulblindsandshades.com/blogs,https://www.beautifulblindsandshades.com/blogs,Keep URL (200),Confirmed live,No URL change proposed for initial design migration.,0,0,2026-08-24T17:26:29+00:00,Planning only; not deployed
https://www.beautifulblindsandshades.com/contact,200,https://www.beautifulblindsandshades.com/contact,https://www.beautifulblindsandshades.com/contact,Keep URL (200),Confirmed live,No URL change proposed for initial design migration.,0,0,2026-05-23T14:36:07+00:00,Planning only; not deployed
https://www.beautifulblindsandshades.com/contact-ghl,200,https://www.beautifulblindsandshades.com/contact-ghl,https://www.beautifulblindsandshades.com/contact-ghl,Keep URL (200),Confirmed live,No URL change proposed for initial design migration.,0,0,2026-05-30T06:05:26+00:00,Planning only; not deployed
https://www.beautifulblindsandshades.com/contact-us,404,https://www.beautifulblindsandshades.com/contact-us,https://www.beautifulblindsandshades.com/contact,Proposed 301,High,Matching current page intent.,1,1,2026-05-13T18:32:12+00:00,Planning only; not deployed
https://www.beautifulblindsandshades.com/custom-blinds-fort-wayne-indiana/custom-mini-blinds-in-fort-wayne-indiana,200,https://www.beautifulblindsandshades.com/custom-blinds-fort-wayne-indiana/custom-mini-blinds-in-fort-wayne-indiana,https://www.beautifulblindsandshades.com/custom-blinds-fort-wayne-indiana/custom-mini-blinds-in-fort-wayne-indiana,Keep URL (200),Confirmed live,No URL change proposed for initial design migration.,0,0,2026-09-13T19:10:51+00:00,Planning only; not deployed
https://www.beautifulblindsandshades.com/custom-blinds-fort-wayne-indiana/custom-panel-track-blinds-fort-wayne-indiana,200,https://www.beautifulblindsandshades.com/custom-blinds-fort-wayne-indiana/custom-panel-track-blinds-fort-wayne-indiana,https://www.beautifulblindsandshades.com/custom-blinds-fort-wayne-indiana/custom-panel-track-blinds-fort-wayne-indiana,Keep URL (200),Confirmed live,No URL change proposed for initial design migration.,0,0,2026-08-09T07:26:02+00:00,Planning only; not deployed
https://www.beautifulblindsandshades.com/custom-blinds-fort-wayne-indiana/custom-venetian-blinds-in-fort-wayne-indiana,200,https://www.beautifulblindsandshades.com/custom-blinds-fort-wayne-indiana/custom-venetian-blinds-in-fort-wayne-indiana,https://www.beautifulblindsandshades.com/custom-blinds-fort-wayne-indiana/custom-venetian-blinds-in-fort-wayne-indiana,Keep URL (200),Confirmed live,No URL change proposed for initial design migration.,0,0,2026-09-04T00:05:49+00:00,Planning only; not deployed
https://www.beautifulblindsandshades.com/custom-blinds-fort-wayne-indiana/custom-vertical-blinds-fort-wayne-indiana,200,https://www.beautifulblindsandshades.com/custom-blinds-fort-wayne-indiana/custom-vertical-blinds-fort-wayne-indiana,https://www.beautifulblindsandshades.com/custom-blinds-fort-wayne-indiana/custom-vertical-blinds-fort-wayne-indiana,Keep URL (200),Confirmed live,No URL change proposed for initial design migration.,0,0,2026-09-02T18:10:54+00:00,Planning only; not deployed
https://www.beautifulblindsandshades.com/custom-interior-plantation-shutters-fort-wayne-indiana/custom-composite-plantation-shutters-in-fort-wayne-indiana,200,https://www.beautifulblindsandshades.com/custom-interior-plantation-shutters-fort-wayne-indiana/custom-composite-plantation-shutters-in-fort-wayne-indiana,https://www.beautifulblindsandshades.com/custom-interior-plantation-shutters-fort-wayne-indiana/custom-composite-plantation-shutters-in-fort-wayne-indiana,Keep URL (200),Confirmed live,No URL change proposed for initial design migration.,0,0,2026-08-25T18:09:41+00:00,Planning only; not deployed
https://www.beautifulblindsandshades.com/custom-interior-plantation-shutters-fort-wayne-indiana/custom-wood-plantation-shutters-in-fort-wayne-indiana,200,https://www.beautifulblindsandshades.com/custom-interior-plantation-shutters-fort-wayne-indiana/custom-wood-plantation-shutters-in-fort-wayne-indiana,https://www.beautifulblindsandshades.com/custom-interior-plantation-shutters-fort-wayne-indiana/custom-wood-plantation-shutters-in-fort-wayne-indiana,Keep URL (200),Confirmed live,No URL change proposed for initial design migration.,0,0,2026-09-11T08:12:47+00:00,Planning only; not deployed
https://www.beautifulblindsandshades.com/custom-shades-fort-wayne-indiana/cellular-shades-fort-wayne-indiana,200,https://www.beautifulblindsandshades.com/custom-shades-fort-wayne-indiana/cellular-shades-fort-wayne-indiana,https://www.beautifulblindsandshades.com/custom-shades-fort-wayne-indiana/cellular-shades-fort-wayne-indiana,Keep URL (200),Confirmed live,No URL change proposed for initial design migration.,0,0,2026-09-01T09:36:22+00:00,Planning only; not deployed
https://www.beautifulblindsandshades.com/custom-shades-fort-wayne-indiana/custom-roller-shades-fort-wayne-indiana,200,https://www.beautifulblindsandshades.com/custom-shades-fort-wayne-indiana/custom-roller-shades-fort-wayne-indiana,https://www.beautifulblindsandshades.com/custom-shades-fort-wayne-indiana/custom-roller-shades-fort-wayne-indiana,Keep URL (200),Confirmed live,No URL change proposed for initial design migration.,0,0,2026-08-24T05:24:49+00:00,Planning only; not deployed
https://www.beautifulblindsandshades.com/custom-shades-fort-wayne-indiana/layered-shades-fort-wayne-indiana,200,https://www.beautifulblindsandshades.com/custom-shades-fort-wayne-indiana/layered-shades-fort-wayne-indiana,https://www.beautifulblindsandshades.com/custom-shades-fort-wayne-indiana/layered-shades-fort-wayne-indiana,Keep URL (200),Confirmed live,No URL change proposed for initial design migration.,0,0,2026-08-21T13:17:02+00:00,Planning only; not deployed
https://www.beautifulblindsandshades.com/custom-shades-fort-wayne-indiana/natural-shades-fort-wayne-indiana,200,https://www.beautifulblindsandshades.com/custom-shades-fort-wayne-indiana/natural-shades-fort-wayne-indiana,https://www.beautifulblindsandshades.com/custom-shades-fort-wayne-indiana/natural-shades-fort-wayne-indiana,Keep URL (200),Confirmed live,No URL change proposed for initial design migration.,0,0,2026-08-20T04:56:41+00:00,Planning only; not deployed
https://www.beautifulblindsandshades.com/custom-shades-fort-wayne-indiana/pleated-shades-fort-wayne-indiana,200,https://www.beautifulblindsandshades.com/custom-shades-fort-wayne-indiana/pleated-shades-fort-wayne-indiana,https://www.beautifulblindsandshades.com/custom-shades-fort-wayne-indiana/pleated-shades-fort-wayne-indiana,Keep URL (200),Confirmed live,No URL change proposed for initial design migration.,0,0,2026-08-30T15:29:06+00:00,Planning only; not deployed
https://www.beautifulblindsandshades.com/custom-shades-fort-wayne-indiana/roman-shades-fort-wayne-indiana,200,https://www.beautifulblindsandshades.com/custom-shades-fort-wayne-indiana/roman-shades-fort-wayne-indiana,https://www.beautifulblindsandshades.com/custom-shades-fort-wayne-indiana/roman-shades-fort-wayne-indiana,Keep URL (200),Confirmed live,No URL change proposed for initial design migration.,0,0,2026-08-31T17:19:01+00:00,Planning only; not deployed
https://www.beautifulblindsandshades.com/custom-shades-fort-wayne-indiana/solar-shades-fort-wayne-indiana,200,https://www.beautifulblindsandshades.com/custom-shades-fort-wayne-indiana/solar-shades-fort-wayne-indiana,https://www.beautifulblindsandshades.com/custom-shades-fort-wayne-indiana/solar-shades-fort-wayne-indiana,Keep URL (200),Confirmed live,No URL change proposed for initial design migration.,0,0,2026-09-23T22:50:34+00:00,Planning only; not deployed
https://www.beautifulblindsandshades.com/faqs,404,https://www.beautifulblindsandshades.com/faqs,,Review; retain real 404 until resolved,Uncertain,Legacy hub route; review historic purpose and navigation before selecting replacement or rebuilding a hub.,0,0,2025-08-17T14:12:56+00:00,Planning only; not deployed
https://www.beautifulblindsandshades.com/interior-shutters,404,https://www.beautifulblindsandshades.com/interior-shutters,https://www.beautifulblindsandshades.com/products/plantation-shutters,Proposed 301,High,Matching current page intent.,0,0,2025-12-06T07:35:15+00:00,Planning only; not deployed
https://www.beautifulblindsandshades.com/interior-shutters/composite-plantation-shutters,404,https://www.beautifulblindsandshades.com/interior-shutters/composite-plantation-shutters,https://www.beautifulblindsandshades.com/custom-interior-plantation-shutters-fort-wayne-indiana/custom-composite-plantation-shutters-in-fort-wayne-indiana,Proposed 301,High,Legacy product URL has matching product intent.,0,0,2025-12-10T16:23:25+00:00,Planning only; not deployed
https://www.beautifulblindsandshades.com/interior-shutters/wood-plantation-shutters,404,https://www.beautifulblindsandshades.com/interior-shutters/wood-plantation-shutters,https://www.beautifulblindsandshades.com/custom-interior-plantation-shutters-fort-wayne-indiana/custom-wood-plantation-shutters-in-fort-wayne-indiana,Proposed 301,High,Legacy product URL has matching product intent.,0,0,2025-12-06T04:00:17+00:00,Planning only; not deployed
https://www.beautifulblindsandshades.com/location/beautiful-blinds-and-shades-service-area,200,https://www.beautifulblindsandshades.com/location/beautiful-blinds-and-shades-service-area,https://www.beautifulblindsandshades.com/location/beautiful-blinds-and-shades-service-area,Keep URL (200),Confirmed live,No URL change proposed for initial design migration.,0,0,2026-07-21T13:41:24+00:00,Planning only; not deployed
https://www.beautifulblindsandshades.com/other-services,404,https://www.beautifulblindsandshades.com/other-services,,Review; retain real 404 until resolved,Uncertain,Legacy hub route; review historic purpose and navigation before selecting replacement or rebuilding a hub.,0,0,2025-08-17T19:46:16+00:00,Planning only; not deployed
https://www.beautifulblindsandshades.com/outdoor-shades/outdoor-shades,404,https://www.beautifulblindsandshades.com/outdoor-shades/outdoor-shades,https://www.beautifulblindsandshades.com/services/outdoor-shades,Proposed 301,High,Matching current page intent.,0,0,2026-03-09T16:24:36+00:00,Planning only; not deployed
https://www.beautifulblindsandshades.com/post/5-ways-custom-blinds-and-shades-can-transform-your-fort-wayne-home-this-fall,404,https://www.beautifulblindsandshades.com/post/5-ways-custom-blinds-and-shades-can-transform-your-fort-wayne-home-this-fall,https://www.beautifulblindsandshades.com/blog-post/5-ways-custom-blinds-and-shades-can-transform-your-fort-wayne-home,Proposed 301,High,"Matching article topic, validate old archive/backlink context before activation.",0,0,2025-12-06T01:54:54+00:00,Planning only; not deployed
https://www.beautifulblindsandshades.com/post/beat-the-heat-boost-your-home-s-appeal-why-fort-wayne-homes-need-outdoor-shades,404,https://www.beautifulblindsandshades.com/post/beat-the-heat-boost-your-home-s-appeal-why-fort-wayne-homes-need-outdoor-shades,https://www.beautifulblindsandshades.com/blog-post/outdoor-patio-shades-guild-fort-wayne,Proposed 301,High,"Matching article topic, validate old archive/backlink context before activation.",0,0,2025-12-10T07:22:35+00:00,Planning only; not deployed
https://www.beautifulblindsandshades.com/post/best-window-treatments-for-fort-wayne-s-harsh-winters-why-cellular-shades-are-your-answer,404,https://www.beautifulblindsandshades.com/post/best-window-treatments-for-fort-wayne-s-harsh-winters-why-cellular-shades-are-your-answer,https://www.beautifulblindsandshades.com/blog-post/cellular-shades-fort-wayne-energy-savings,Proposed 301,High,"Matching article topic, validate old archive/backlink context before activation.",0,0,2025-12-06T11:05:53+00:00,Planning only; not deployed
https://www.beautifulblindsandshades.com/post/the-fort-wayne-homeowner-s-guide-to-motorized-blinds-smart-home-window-treatments-in-allen-county,404,https://www.beautifulblindsandshades.com/post/the-fort-wayne-homeowner-s-guide-to-motorized-blinds-smart-home-window-treatments-in-allen-county,https://www.beautifulblindsandshades.com/blog-post/motorized-blinds-and-shades-in-fort-wayne,Proposed 301,High,"Matching article topic, validate old archive/backlink context before activation.",0,0,2025-12-05T18:53:21+00:00,Planning only; not deployed
https://www.beautifulblindsandshades.com/post/transform-your-space-how-window-coverings-can-enhance-your-home-s-energy-efficiency,404,https://www.beautifulblindsandshades.com/post/transform-your-space-how-window-coverings-can-enhance-your-home-s-energy-efficiency,https://www.beautifulblindsandshades.com/blog-post/save-energy-window-treatments-fort-wayne,Proposed 301,High,"Matching article topic, validate old archive/backlink context before activation.",0,0,2025-12-05T23:11:45+00:00,Planning only; not deployed
https://www.beautifulblindsandshades.com/post/transform-your-space-with-the-best-window-treatments-in-fort-wayne-in,404,https://www.beautifulblindsandshades.com/post/transform-your-space-with-the-best-window-treatments-in-fort-wayne-in,https://www.beautifulblindsandshades.com/blog-post/fort-wayne-window-treatments-guide,Proposed 301,High,"Matching article topic, validate old archive/backlink context before activation.",0,0,2025-12-10T05:37:17+00:00,Planning only; not deployed
https://www.beautifulblindsandshades.com/privacy-policy,404,https://www.beautifulblindsandshades.com/privacy-policy,,Restore real policy when form launches,Uncertain,No current equivalent found; requires business-approved privacy content.,0,0,2025-12-10T01:36:16+00:00,Planning only; not deployed
https://www.beautifulblindsandshades.com/products,404,https://www.beautifulblindsandshades.com/products,,Review; retain real 404 until resolved,Uncertain,Legacy hub route; review historic purpose and navigation before selecting replacement or rebuilding a hub.,0,0,2025-08-17T11:40:46+00:00,Planning only; not deployed
https://www.beautifulblindsandshades.com/products/blinds,200,https://www.beautifulblindsandshades.com/products/blinds,https://www.beautifulblindsandshades.com/products/blinds,Keep URL (200),Confirmed live,No URL change proposed for initial design migration.,0,0,2026-08-16T15:19:23+00:00,Planning only; not deployed
https://www.beautifulblindsandshades.com/products/plantation-shutters,200,https://www.beautifulblindsandshades.com/products/plantation-shutters,https://www.beautifulblindsandshades.com/products/plantation-shutters,Keep URL (200),Confirmed live,No URL change proposed for initial design migration.,0,0,2026-08-14T06:39:14+00:00,Planning only; not deployed
https://www.beautifulblindsandshades.com/products/shades,200,https://www.beautifulblindsandshades.com/products/shades,https://www.beautifulblindsandshades.com/products/shades,Keep URL (200),Confirmed live,No URL change proposed for initial design migration.,0,0,2026-07-27T03:11:17+00:00,Planning only; not deployed
https://www.beautifulblindsandshades.com/service-area,404,https://www.beautifulblindsandshades.com/service-area,https://www.beautifulblindsandshades.com/location/beautiful-blinds-and-shades-service-area,Proposed 301,High,Matching current page intent.,0,0,2025-12-05T19:49:58+00:00,Planning only; not deployed
https://www.beautifulblindsandshades.com/service-area/angola-indiana,404,https://www.beautifulblindsandshades.com/service-area/angola-indiana,https://www.beautifulblindsandshades.com/beautiful-blinds-shades-service-areas/window-treatments-angola-indiana,Proposed 301,High,Legacy city URL has an equivalent current city page.,15,3,2026-05-17T21:26:30+00:00,Planning only; not deployed
https://www.beautifulblindsandshades.com/service-area/auburn-indiana,404,https://www.beautifulblindsandshades.com/service-area/auburn-indiana,https://www.beautifulblindsandshades.com/beautiful-blinds-shades-service-areas/window-treatments-auburn-indiana,Proposed 301,High,Legacy city URL has an equivalent current city page.,26,2,2025-12-05T19:05:34+00:00,Planning only; not deployed
https://www.beautifulblindsandshades.com/service-area/bluffton-indiana,404,https://www.beautifulblindsandshades.com/service-area/bluffton-indiana,https://www.beautifulblindsandshades.com/beautiful-blinds-shades-service-areas/window-treatments-bluffton-indiana,Proposed 301,High,Legacy city URL has an equivalent current city page.,36,3,2025-12-13T19:17:55+00:00,Planning only; not deployed
https://www.beautifulblindsandshades.com/service-area/col,404,https://www.beautifulblindsandshades.com/service-area/col,,Review; retain real 404 until resolved,Uncertain,Ambiguous truncated slug; Columbia City is only a candidate. Review historical content/link anchors.,28,1,2025-12-06T07:13:36+00:00,Planning only; not deployed
https://www.beautifulblindsandshades.com/service-area/columbia-city-indiana,404,https://www.beautifulblindsandshades.com/service-area/columbia-city-indiana,https://www.beautifulblindsandshades.com/beautiful-blinds-shades-service-areas/window-treatment-columbia-city-indiana,Proposed 301,High,Legacy city URL has an equivalent current city page.,28,2,2025-12-05T16:43:38+00:00,Planning only; not deployed
https://www.beautifulblindsandshades.com/service-area/fort-wayne,404,https://www.beautifulblindsandshades.com/service-area/fort-wayne,https://www.beautifulblindsandshades.com/beautiful-blinds-shades-service-areas/blinds-and-shades-fort-wayne-indiana,Proposed 301,High,Legacy city URL has an equivalent current city page.,27,2,2025-12-06T06:41:13+00:00,Planning only; not deployed
https://www.beautifulblindsandshades.com/service-area/fort-wayne-indiana,404,https://www.beautifulblindsandshades.com/service-area/fort-wayne-indiana,https://www.beautifulblindsandshades.com/beautiful-blinds-shades-service-areas/blinds-and-shades-fort-wayne-indiana,Proposed 301,High,Legacy city URL has an equivalent current city page.,1,1,2026-08-25T04:21:01+00:00,Planning only; not deployed
https://www.beautifulblindsandshades.com/service-area/grabill-indiana,404,https://www.beautifulblindsandshades.com/service-area/grabill-indiana,https://www.beautifulblindsandshades.com/beautiful-blinds-shades-service-areas/window-treatments-grabill-indiana,Proposed 301,High,Legacy city URL has an equivalent current city page.,28,3,2026-06-08T01:21:34+00:00,Planning only; not deployed
https://www.beautifulblindsandshades.com/service-area/harlan-indiana,404,https://www.beautifulblindsandshades.com/service-area/harlan-indiana,https://www.beautifulblindsandshades.com/beautiful-blinds-shades-service-areas/custom-window-treatments-harlan-indiana,Proposed 301,High,Legacy city URL has an equivalent current city page.,10,3,2025-12-05T13:49:20+00:00,Planning only; not deployed
https://www.beautifulblindsandshades.com/service-area/hicksville-indiana,404,https://www.beautifulblindsandshades.com/service-area/hicksville-indiana,https://www.beautifulblindsandshades.com/beautiful-blinds-shades-service-areas/window-treatments-hicksville-indiana,Proposed 301,High,Legacy city URL has an equivalent current city page.,26,2,2025-12-13T08:29:01+00:00,Planning only; not deployed
https://www.beautifulblindsandshades.com/service-area/hoagland-indian,404,https://www.beautifulblindsandshades.com/service-area/hoagland-indian,https://www.beautifulblindsandshades.com/beautiful-blinds-shades-service-areas/window-treatments-hoagland-indiana,Proposed 301,High,Legacy city URL has an equivalent current city page.,27,2,2025-12-26T07:24:01+00:00,Planning only; not deployed
https://www.beautifulblindsandshades.com/service-area/hoagland-indiana,404,https://www.beautifulblindsandshades.com/service-area/hoagland-indiana,https://www.beautifulblindsandshades.com/beautiful-blinds-shades-service-areas/window-treatments-hoagland-indiana,Proposed 301,High,Legacy city URL has an equivalent current city page.,0,0,2025-12-05T18:19:25+00:00,Planning only; not deployed
https://www.beautifulblindsandshades.com/service-area/kendallville-indian,404,https://www.beautifulblindsandshades.com/service-area/kendallville-indian,https://www.beautifulblindsandshades.com/beautiful-blinds-shades-service-areas/window-treatments-in-kendallville-indiana,Proposed 301,High,Legacy city URL has an equivalent current city page.,26,2,2025-12-05T19:45:14+00:00,Planning only; not deployed
https://www.beautifulblindsandshades.com/service-area/leo-cedarville,404,https://www.beautifulblindsandshades.com/service-area/leo-cedarville,https://www.beautifulblindsandshades.com/beautiful-blinds-shades-service-areas/window-treatments-leo-cedarville-indiana,Proposed 301,High,Legacy city URL has an equivalent current city page.,52,1,2026-03-15T19:43:24+00:00,Planning only; not deployed
https://www.beautifulblindsandshades.com/service-area/leo-cedarville-indiana,404,https://www.beautifulblindsandshades.com/service-area/leo-cedarville-indiana,https://www.beautifulblindsandshades.com/beautiful-blinds-shades-service-areas/window-treatments-leo-cedarville-indiana,Proposed 301,High,Legacy city URL has an equivalent current city page.,59,3,2026-05-03T22:27:37+00:00,Planning only; not deployed
https://www.beautifulblindsandshades.com/service-area/monroeville-indian,404,https://www.beautifulblindsandshades.com/service-area/monroeville-indian,https://www.beautifulblindsandshades.com/beautiful-blinds-shades-service-areas/window-treatments-monroeville-indiana,Proposed 301,High,Legacy city URL has an equivalent current city page.,27,1,2025-12-06T10:40:15+00:00,Planning only; not deployed
https://www.beautifulblindsandshades.com/service-area/monroeville-indiana,404,https://www.beautifulblindsandshades.com/service-area/monroeville-indiana,https://www.beautifulblindsandshades.com/beautiful-blinds-shades-service-areas/window-treatments-monroeville-indiana,Proposed 301,High,Legacy city URL has an equivalent current city page.,25,3,2025-12-27T07:08:51+00:00,Planning only; not deployed
https://www.beautifulblindsandshades.com/service-area/new-haven,404,https://www.beautifulblindsandshades.com/service-area/new-haven,https://www.beautifulblindsandshades.com/beautiful-blinds-shades-service-areas/window-treatments-new-haven-indiana,Proposed 301,High,Legacy city URL has an equivalent current city page.,27,2,2026-03-16T16:58:52+00:00,Planning only; not deployed
https://www.beautifulblindsandshades.com/service-area/syracuse-indiana,404,https://www.beautifulblindsandshades.com/service-area/syracuse-indiana,https://www.beautifulblindsandshades.com/beautiful-blinds-shades-service-areas/window-treatments-syracuse-indiana,Proposed 301,High,Legacy city URL has an equivalent current city page.,26,2,2025-12-06T17:36:43+00:00,Planning only; not deployed
https://www.beautifulblindsandshades.com/service-area/warsaw,404,https://www.beautifulblindsandshades.com/service-area/warsaw,https://www.beautifulblindsandshades.com/beautiful-blinds-shades-service-areas/window-treatments-warsaw-indiana,Proposed 301,High,Legacy city URL has an equivalent current city page.,27,2,2026-03-15T20:14:05+00:00,Planning only; not deployed
https://www.beautifulblindsandshades.com/service-area/woodburn-indiana,404,https://www.beautifulblindsandshades.com/service-area/woodburn-indiana,https://www.beautifulblindsandshades.com/beautiful-blinds-shades-service-areas/window-treatments-woodburn-indiana,Proposed 301,High,Legacy city URL has an equivalent current city page.,36,3,2025-12-15T22:16:58+00:00,Planning only; not deployed
https://www.beautifulblindsandshades.com/services/blind-and-shade-cleaning,200,https://www.beautifulblindsandshades.com/services/blind-and-shade-cleaning,https://www.beautifulblindsandshades.com/services/blind-and-shade-cleaning,Keep URL (200),Confirmed live,No URL change proposed for initial design migration.,0,0,2026-09-04T22:29:25+00:00,Planning only; not deployed
https://www.beautifulblindsandshades.com/services/blind-shade-repair,200,https://www.beautifulblindsandshades.com/services/blind-shade-repair,https://www.beautifulblindsandshades.com/services/blind-shade-repair,Keep URL (200),Confirmed live,No URL change proposed for initial design migration.,0,0,2026-08-09T19:50:43+00:00,Planning only; not deployed
https://www.beautifulblindsandshades.com/services/outdoor-shades,200,https://www.beautifulblindsandshades.com/services/outdoor-shades,https://www.beautifulblindsandshades.com/services/outdoor-shades,Keep URL (200),Confirmed live,No URL change proposed for initial design migration.,0,0,2026-05-25T02:20:29+00:00,Planning only; not deployed
https://www.beautifulblindsandshades.com/services/window-treatments,200,https://www.beautifulblindsandshades.com/services/window-treatments,https://www.beautifulblindsandshades.com/services/window-treatments,Keep URL (200),Confirmed live,No URL change proposed for initial design migration.,1,1,2026-09-07T09:25:47+00:00,Planning only; not deployed
https://www.beautifulblindsandshades.com/shades/cellular-shades,404,https://www.beautifulblindsandshades.com/shades/cellular-shades,https://www.beautifulblindsandshades.com/custom-shades-fort-wayne-indiana/cellular-shades-fort-wayne-indiana,Proposed 301,High,Legacy product URL has matching product intent.,0,0,2026-09-07T02:53:51+00:00,Planning only; not deployed
https://www.beautifulblindsandshades.com/shades/cellular-shadesmake,404,https://www.beautifulblindsandshades.com/shades/cellular-shadesmake,https://www.beautifulblindsandshades.com/custom-shades-fort-wayne-indiana/cellular-shades-fort-wayne-indiana,Proposed 301,Review inbound context,Matching current page intent.,2,1,2026-09-18T17:06:24+00:00,Planning only; not deployed
https://www.beautifulblindsandshades.com/service-area/huntertown-indian,404,https://www.beautifulblindsandshades.com/service-area/huntertown-indian,https://www.beautifulblindsandshades.com/beautiful-blinds-shades-service-areas/custom-window-treatments-in-huntertown-indiana,Proposed 301,High,Legacy city URL has an equivalent current city page.,0,0,2026-04-06T23:21:15+00:00,Planning only; not deployed
https://www.beautifulblindsandshades.com/service-area/huntertown-indiana,404,https://www.beautifulblindsandshades.com/service-area/huntertown-indiana,https://www.beautifulblindsandshades.com/beautiful-blinds-shades-service-areas/custom-window-treatments-in-huntertown-indiana,Proposed 301,High,Legacy city URL has an equivalent current city page.,0,0,2025-12-09T23:33:08+00:00,Planning only; not deployed
https://www.beautifulblindsandshades.com/service-area/kendallville-indiana,404,https://www.beautifulblindsandshades.com/service-area/kendallville-indiana,https://www.beautifulblindsandshades.com/beautiful-blinds-shades-service-areas/window-treatments-in-kendallville-indiana,Proposed 301,High,Legacy city URL has an equivalent current city page.,0,0,2025-12-07T11:08:48+00:00,Planning only; not deployed
https://www.beautifulblindsandshades.com/service-area/new-haven-indiana,404,https://www.beautifulblindsandshades.com/service-area/new-haven-indiana,https://www.beautifulblindsandshades.com/beautiful-blinds-shades-service-areas/window-treatments-new-haven-indiana,Proposed 301,High,Legacy city URL has an equivalent current city page.,0,0,2025-12-05T16:07:15+00:00,Planning only; not deployed
https://www.beautifulblindsandshades.com/service-area/warsaw-indiana,404,https://www.beautifulblindsandshades.com/service-area/warsaw-indiana,https://www.beautifulblindsandshades.com/beautiful-blinds-shades-service-areas/window-treatments-warsaw-indiana,Proposed 301,High,Legacy city URL has an equivalent current city page.,0,0,2025-12-10T11:46:28+00:00,Planning only; not deployed
https://www.beautifulblindsandshades.com/services,404,https://www.beautifulblindsandshades.com/services,,Review; retain real 404 until resolved,Uncertain,Legacy hub route; review historic purpose and navigation before selecting replacement or rebuilding a hub.,0,0,2025-12-05T21:01:38+00:00,Planning only; not deployed
https://www.beautifulblindsandshades.com/services/blind-&-shade-cleaning,404,https://www.beautifulblindsandshades.com/services/blind-&-shade-cleaning,https://www.beautifulblindsandshades.com/services/blind-and-shade-cleaning,Proposed 301,High,Matching current page intent.,0,0,2025-12-06T21:37:57+00:00,Planning only; not deployed
https://www.beautifulblindsandshades.com/services/blind-&-shade-repair,404,https://www.beautifulblindsandshades.com/services/blind-&-shade-repair,https://www.beautifulblindsandshades.com/services/blind-shade-repair,Proposed 301,High,Matching current page intent.,0,0,2025-12-05T23:10:18+00:00,Planning only; not deployed
https://www.beautifulblindsandshades.com/shades,404,https://www.beautifulblindsandshades.com/shades,https://www.beautifulblindsandshades.com/products/shades,Proposed 301,High,Matching current page intent.,0,0,2025-12-06T10:39:32+00:00,Planning only; not deployed
https://www.beautifulblindsandshades.com/shades/layered-shades,404,https://www.beautifulblindsandshades.com/shades/layered-shades,https://www.beautifulblindsandshades.com/custom-shades-fort-wayne-indiana/layered-shades-fort-wayne-indiana,Proposed 301,High,Legacy product URL has matching product intent.,0,0,2025-12-10T02:55:31+00:00,Planning only; not deployed
https://www.beautifulblindsandshades.com/shades/natural-shades,404,https://www.beautifulblindsandshades.com/shades/natural-shades,https://www.beautifulblindsandshades.com/custom-shades-fort-wayne-indiana/natural-shades-fort-wayne-indiana,Proposed 301,High,Legacy product URL has matching product intent.,0,0,2025-12-05T14:29:54+00:00,Planning only; not deployed
https://www.beautifulblindsandshades.com/shades/pleated-shades,404,https://www.beautifulblindsandshades.com/shades/pleated-shades,https://www.beautifulblindsandshades.com/custom-shades-fort-wayne-indiana/pleated-shades-fort-wayne-indiana,Proposed 301,High,Legacy product URL has matching product intent.,0,0,2025-12-05T19:09:13+00:00,Planning only; not deployed
https://www.beautifulblindsandshades.com/shades/roller-shades,404,https://www.beautifulblindsandshades.com/shades/roller-shades,https://www.beautifulblindsandshades.com/custom-shades-fort-wayne-indiana/custom-roller-shades-fort-wayne-indiana,Proposed 301,High,Legacy product URL has matching product intent.,0,0,2025-12-08T05:30:12+00:00,Planning only; not deployed
https://www.beautifulblindsandshades.com/shades/roman-shades,404,https://www.beautifulblindsandshades.com/shades/roman-shades,https://www.beautifulblindsandshades.com/custom-shades-fort-wayne-indiana/roman-shades-fort-wayne-indiana,Proposed 301,High,Legacy product URL has matching product intent.,0,0,2026-03-05T18:57:37+00:00,Planning only; not deployed
https://www.beautifulblindsandshades.com/shades/sheer-shades,404,https://www.beautifulblindsandshades.com/shades/sheer-shades,,Review; retain real 404 until resolved,Uncertain,No sufficiently certain equivalent. Do not redirect unrelated URLs to homepage.,0,0,2025-12-05T14:43:12+00:00,Planning only; not deployed
https://www.beautifulblindsandshades.com/shades/solar-shades,404,https://www.beautifulblindsandshades.com/shades/solar-shades,https://www.beautifulblindsandshades.com/custom-shades-fort-wayne-indiana/solar-shades-fort-wayne-indiana,Proposed 301,High,Legacy product URL has matching product intent.,0,0,2026-03-14T22:57:17+00:00,Planning only; not deployed
https://www.beautifulblindsandshades.com/terms-and-conditions,404,https://www.beautifulblindsandshades.com/terms-and-conditions,,Review; retain real 404 until resolved,Uncertain,No sufficiently certain equivalent. Do not redirect unrelated URLs to homepage.,0,0,2025-12-06T00:26:09+00:00,Planning only; not deployed
https://www.beautifulblindsandshades.com/window-treatment-blog,404,https://www.beautifulblindsandshades.com/window-treatment-blog,https://www.beautifulblindsandshades.com/blogs,Proposed 301,High,Matching current page intent.,0,0,2026-01-26T12:21:44+00:00,Planning only; not deployed
