url,title_preserved,h1_change,description_changed,source_editorial_words,draft_main_words,status
https://www.beautifulblindsandshades.com/custom-blinds-fort-wayne-indiana/custom-mini-blinds-in-fort-wayne-indiana,True,,False,1936,629,Local review draft; no deployment
https://www.beautifulblindsandshades.com/custom-blinds-fort-wayne-indiana/custom-panel-track-blinds-fort-wayne-indiana,True,,False,1989,617,Local review draft; no deployment
https://www.beautifulblindsandshades.com/custom-blinds-fort-wayne-indiana/custom-venetian-blinds-in-fort-wayne-indiana,True,,False,1730,624,Local review draft; no deployment
https://www.beautifulblindsandshades.com/custom-blinds-fort-wayne-indiana/custom-vertical-blinds-fort-wayne-indiana,True,,False,1758,608,Local review draft; no deployment
https://www.beautifulblindsandshades.com/custom-shades-fort-wayne-indiana/custom-roller-shades-fort-wayne-indiana,True,Custom Solar Shades Fort Wayne Indiana -> Custom Roller Shades Fort Wayne Indiana,True,2189,636,Local review draft; no deployment
https://www.beautifulblindsandshades.com/custom-shades-fort-wayne-indiana/cellular-shades-fort-wayne-indiana,True,,True,1542,632,Local review draft; no deployment
https://www.beautifulblindsandshades.com/custom-shades-fort-wayne-indiana/roman-shades-fort-wayne-indiana,True,,True,1541,603,Local review draft; no deployment
https://www.beautifulblindsandshades.com/custom-shades-fort-wayne-indiana/natural-shades-fort-wayne-indiana,True,,True,1708,600,Local review draft; no deployment
https://www.beautifulblindsandshades.com/custom-shades-fort-wayne-indiana/solar-shades-fort-wayne-indiana,True,,True,1125,615,Local review draft; no deployment
https://www.beautifulblindsandshades.com/custom-shades-fort-wayne-indiana/layered-shades-fort-wayne-indiana,True,,True,1444,619,Local review draft; no deployment
https://www.beautifulblindsandshades.com/custom-shades-fort-wayne-indiana/pleated-shades-fort-wayne-indiana,True,Custom Pleated Shades FOrt Wayne Indiana -> Custom Pleated Shades Fort Wayne Indiana,True,1593,589,Local review draft; no deployment
https://www.beautifulblindsandshades.com/custom-interior-plantation-shutters-fort-wayne-indiana/custom-wood-plantation-shutters-in-fort-wayne-indiana,True,,False,171,616,Local review draft; no deployment
https://www.beautifulblindsandshades.com/custom-interior-plantation-shutters-fort-wayne-indiana/custom-composite-plantation-shutters-in-fort-wayne-indiana,True,,False,171,604,Local review draft; no deployment
